-- Adminer 4.2.5 MySQL dump

SET NAMES utf8;
SET time_zone = '+00:00';
SET foreign_key_checks = 0;
SET sql_mode = 'NO_AUTO_VALUE_ON_ZERO';

DROP TABLE IF EXISTS `applican_biodata`;
CREATE TABLE `applican_biodata` (
  `id_biodata` int(11) NOT NULL AUTO_INCREMENT,
  `id_user` int(11) NOT NULL,
  `nama_depan` varchar(225) NOT NULL,
  `nama_belakang` varchar(225) NOT NULL,
  `jabatan` varchar(225) NOT NULL,
  `no_hp` varchar(225) NOT NULL,
  `email` varchar(225) NOT NULL,
  `lembaga_nama` varchar(225) NOT NULL,
  `lembaga_tahun_berdiri` varchar(225) NOT NULL,
  `lembaga_bidang_kegiatan` varchar(225) NOT NULL,
  `lembaga_alamat` varchar(225) NOT NULL,
  `lembaga_profil` varchar(225) NOT NULL,
  `lembaga_provinsi` varchar(225) NOT NULL,
  `lembaga_kota` varchar(225) NOT NULL,
  `lembaga_kecamatan` varchar(225) NOT NULL,
  `lembaga_kodepos` varchar(225) NOT NULL,
  `lembaga_telpon` varchar(225) NOT NULL,
  `lembaga_faxmili` varchar(225) NOT NULL,
  `lembaga_email` varchar(225) NOT NULL,
  `lembaga_web` varchar(225) NOT NULL,
  `status` enum('0','1') NOT NULL DEFAULT '0',
  PRIMARY KEY (`id_biodata`),
  UNIQUE KEY `id_auth` (`id_user`),
  CONSTRAINT `applican_biodata_ibfk_1` FOREIGN KEY (`id_user`) REFERENCES `sf_guard_user` (`id`)
) ENGINE=InnoDB DEFAULT CHARSET=latin1;

INSERT INTO `applican_biodata` (`id_biodata`, `id_user`, `nama_depan`, `nama_belakang`, `jabatan`, `no_hp`, `email`, `lembaga_nama`, `lembaga_tahun_berdiri`, `lembaga_bidang_kegiatan`, `lembaga_alamat`, `lembaga_profil`, `lembaga_provinsi`, `lembaga_kota`, `lembaga_kecamatan`, `lembaga_kodepos`, `lembaga_telpon`, `lembaga_faxmili`, `lembaga_email`, `lembaga_web`, `status`) VALUES
(1,	16,	'Ahmad ',	'Luky',	'Manager',	'085692085423',	'luky.lucky24@gmail.com',	'Institut Teknologi Sumatera',	'2009',	'Pengabdian Masyarakat',	'Mediterania Gajah Mada R3- Lt2\r\nJalan Gajah Mada No 174\r\nJakarta Barat 11130',	'CodeIgniter gives you access to a Query Builder class. This pattern allows information to be retrieved, inserted, and updated',	'lampung',	'bandar lampung',	'labuhan dalam',	'98383',	'2193988437',	'2193988437',	'ahmadluky@if.itera.ac.id',	'http://ahmadluky.wordpress.com',	'1');

DROP TABLE IF EXISTS `berita_ini`;
CREATE TABLE `berita_ini` (
  `id` varchar(255) NOT NULL,
  `id_berita` varchar(255) NOT NULL,
  `id_bahasa` varchar(255) NOT NULL,
  `waktu` datetime NOT NULL DEFAULT '0000-00-00 00:00:00',
  `judul` varchar(255) NOT NULL,
  `ringkasan` text NOT NULL,
  `isi` text NOT NULL,
  `kategori` varchar(255) DEFAULT NULL,
  `keyword` varchar(255) DEFAULT NULL,
  `image` varchar(255) DEFAULT NULL,
  `file_pdf` varchar(255) DEFAULT NULL,
  `slug` varchar(255) DEFAULT NULL,
  PRIMARY KEY (`id`)
) ENGINE=InnoDB DEFAULT CHARSET=latin1;

INSERT INTO `berita_ini` (`id`, `id_berita`, `id_bahasa`, `waktu`, `judul`, `ringkasan`, `isi`, `kategori`, `keyword`, `image`, `file_pdf`, `slug`) VALUES
('05fa0936fe44f11d8a588d5f26b1f944',	'a23f891fbba4c0ef53603f7a71476ab5',	'EN',	'2017-11-20 17:09:51',	'Biodiversity resilience in the Central Indian Highlands is contingent on maintaining and recovering landscape connectivity: the tiger as a case study',	'Corridors (variably called landscape linkages, connectors, and gateways) are expanses of a landscape that facilitate the flow or movement of individuals, genes, and ecological processes. Protected areas with their buffer zones and the corridors that connect them are cornerstones of modern conservation actions to maintain the biodiversity we have and restore what we have lost…',	'biodiversity-resilience-in-the-central-indian-highlands-is-contingent-on-maintaining-and-recovering-landscape-connectivity-the-tiger-as-a-case-study-reference.pdf',	'reference',	'test',	NULL,	'Biodiversity-resilience-in-the-Central-Indian-Highlands-is-contingent-on-maintaining-and-recovering-landscape-connectivity-the-tiger-as-a-case-study',	'Biodiversity resilience in the Central Indian Highlands is contingent on maintaining and recovering landscape connectivity  the tiger as a case study'),
('0634fcbfe4223eee36472b0b9565eee2',	'19f0857ca03e79898e98fafa79aaeec5',	'ID',	'2017-11-20 17:10:15',	'Indonesia Burning: Forest Fires Predicted to be Worst on Record',	'The terms “landscape” and “landscape approach” have been increasingly applied within the international environmental realm, with many international organizations and nongovernmental organizations using landscapes as an area of focus for addressing multiple objectives, usually related to both environmental and social goals. However, despite a wealth of literature on landscapes and landscape approaches, ideas relating to landscape approaches are diverse and often vague, resulting in ambiguous use of the terms…',	'indonesia-burning-forest-fires-predicted-to-be-worst-on-record-reference.pdf',	'reference',	'test',	NULL,	'Indonesia-Burning-Forest-Fires-Predicted-to-be-Worst-on-Record',	'Indonesia Burning  Forest Fires Predicted to be Worst on Record'),
('072e2cfda8ade1721450152f6fb4318a',	'ee381ed090fb4de3047308cb66371978',	'ID',	'2017-11-18 11:46:46',	'Episode #5 – Tony Juniper + how the world’s biggest paper company is atoning for its sins',	'Episode #5 – Tony Juniper + how the world’s biggest paper company is atoning for its sins',	'<p>One of the partnership programs that Belantara currently working is the partnership program with West Kalimantan Province Government and also other multi-stakeholders, such as local NGOs and Private Sectors in the West Kalimantan. Kubu area is the speci c landscape in the province that is supported due to its rich biodiversity, its position as the home of the endangered species, Bornean orangutan, its carbon characteristic, as well as its vulnerability to the threat in the peatland ecosystems. Furthermore, in the long-term, Belantara plan to support the green growth program in West Kalimantan together with multi-stakeholders&lt;/p&gt;</p>\r\n\r\n<p>&nbsp;</p>\r\n',	'news',	'test',	'episode-5-tony-juniper-how-the-world-s-biggest-paper-company-is-atoning-for-its-sins-news.jpg',	'Episode-5-Tony-Juniper-how-the-worlds-biggest-paper-company-is-atoning-for-its-sins',	NULL),
('13691de1b879cae5b39031d05c0003d2',	'19f0857ca03e79898e98fafa79aaeec5',	'EN',	'2017-11-20 17:10:15',	'Indonesia Burning: Forest Fires Predicted to be Worst on Record',	'The terms “landscape” and “landscape approach” have been increasingly applied within the international environmental realm, with many international organizations and nongovernmental organizations using landscapes as an area of focus for addressing multiple objectives, usually related to both environmental and social goals. However, despite a wealth of literature on landscapes and landscape approaches, ideas relating to landscape approaches are diverse and often vague, resulting in ambiguous use of the terms…',	'n-a-reference1.pdf',	'reference',	'test',	NULL,	'Indonesia-Burning-Forest-Fires-Predicted-to-be-Worst-on-Record',	'indonesia-burning--forest-fires-predicted-to-be-worst-on-record'),
('1bcfff707f0d152b66c43cafee72388e',	'376840be79cd183be3c9e25218ff4632',	'EN',	'2017-11-18 15:02:33',	'IPFEST 2016 – Promosi Program Yayasan Belantara pada Ajang Berbagi dan Menggalang Sinergi untuk Restorasi Bentang Alam',	'Indonesia Philanthropy Festival 2016 (IPFest 2016) memiliki tujuan salah satunya yaitu mempertemukan dan memfasilitasi terjadinya sinergi dan kemitraan di antara para pelaku filantropi dan organisasi pelaksana program khususnya dalam pencapaian target Tujuan Pembangunan Berkelanjutan (Sustainable Development Goals – SDGs).',	'<p>Indonesia Philanthropy Festival 2016 (IPFest 2016) memiliki tujuan salah satunya yaitu mempertemukan dan memfasilitasi terjadinya sinergi dan kemitraan di antara para pelaku filantropi dan organisasi pelaksana program khususnya dalam pencapaian target Tujuan Pembangunan Berkelanjutan (Sustainable Development Goals &ndash; SDGs).</p>\r\n\r\n<p>Pada kesempatan IPFest 2016 ini, Yayasan Belantara mendapatkan kehormatan dari panitia penyelenggara untuk mengisi agenda di panggung utama dan kegiatan pameran. Kesempatan ini sangat baik bagi promosi Yayasan Belantara sebagai sebuah lembaga yang baru berdiri, dan ingin mengajak sebanyak mungkin pihak untuk berkontribusi dalam program restorasi bentang alam.</p>\r\n\r\n<p>Festival ini merupakan wadah yang tepat bagi Yayasan Belantara untuk mempromosikan program dan kegiatannya serta menggalang dukungan publik, khususnya dari para pengunjung dan peserta IPFest 2016 serta para pemangku kepentingan kunci lainnya. Terlebih lagi mengingat bahwa program dan kegiatan Yayasan Belantara sangat mendukung pencapaian SDGs, antara lain: program Pemberdayaan Masyarakat dan Pengembangan Ekonomi Berbasis Sumber Daya Lokal (Goals 1, 2, dan 4); Restorasi dan Rehabilitasi Bentang Alam (Goals 13 dan 15) melalui kegiatan kemitraan strategis dengan pendekatan Public-Private-People-Partnership (Goal 17).</p>\r\n\r\n<p>Kegiatan Yayasan Belantara di IPFest 2016 terdiri dari dua (2) kegiatan utama, antara lain:</p>\r\n\r\n<p>&nbsp;</p>\r\n\r\n<h3><a href=\"http://belantara.or.id/wp-content/uploads/e-poster.jpg\" target=\"_blank\">Talk Show &ldquo;Kemitraan Pendanaan Pengelolaan Lansekap Berkelanjutan&rdquo;</a></h3>\r\n\r\n<p>Hari, Tanggal: Jumat, 7 Oktober 2016<br />\r\nWaktu: 13.00 &ndash; 14.30 WIB<br />\r\nTempat: Panggung Utama, Ruang Cenderawasih, Jakarta Convention Center</p>\r\n\r\n<p>&nbsp;</p>\r\n\r\n<h3><a href=\"http://belantara.or.id/wp-content/uploads/E-flyer-1.pdf\" target=\"_blank\">Pameran, Pendidikan Lingkungan Hidup dan Konservasi, serta Diskusi Pengenalan Program</a></h3>\r\n\r\n<p>Hari, Tanggal: Kamis-Minggu, 6-9 Oktober 2016<br />\r\nWaktu: 09.00 &ndash; 18.00 WIB<br />\r\nTempat: Booth Belantara, Ruang Cenderawasih, Jakarta Convention Center</p>\r\n\r\n<p>Untuk informasi lebih lanjut tentang kegiatan Yayasan Belantara di IPFest 2016, silakan lihat Rangkuman Hasil&nbsp;<a href=\"http://belantara.or.id/wp-content/uploads/Rangkuman-Hasil-Belantara-di-IPFest-2016.pdf\" target=\"_blank\">di sini.</a></p>\r\n',	'blog',	'test',	'ipfest-2016-promosi-program-yayasan-belantara-pada-ajang-berbagi-dan-menggalang-sinergi-untuk-restorasi-bentang-alam-blog.jpg',	'IPFEST-2016-Promosi-Program-Yayasan-Belantara-pada-Ajang-Berbagi-dan-Menggalang-Sinergi-untuk-Restorasi-Bentang-Alam',	'ipfest-2016-----promosi-program-yayasan-belantara-pada-ajang-berbagi-dan-menggalang-sinergi-untuk-restorasi-bentang-alam'),
('1f59091e0ed2e8d1c4885e76398f5504',	'8897d507c8f4afa1a3180b1d6264eb03',	'ID',	'2017-11-06 20:10:54',	'Partnership Programs In West Kalimantan Province',	'One of the partnership programs that Belantara currently working is the partnership program with West Kalimantan Province Government and also other multi-stakeholders, such as local NGOs and Private Sectors in the West Kalimantan. Kubu area is the speci c landscape in the province that is supported due to its rich biodiversity, its position as the home of the endangered species, Bornean orangutan, its carbon characteristic, as well as its vulnerability to the threat in the peatland ecosystems. Furthermore, in the long-term, Belantara plan to support the green growth program in West Kalimantan together with multi-stakeholders',	'<p>One of the partnership programs that Belantara currently working is the partnership program with West Kalimantan Province Government and also other multi-stakeholders, such as local NGOs and Private Sectors in the West Kalimantan. Kubu area is the speci c landscape in the province that is supported due to its rich biodiversity, its position as the home of the endangered species, Bornean orangutan, its carbon characteristic, as well as its vulnerability to the threat in the peatland ecosystems. Furthermore, in the long-term, Belantara plan to support the green growth program in West Kalimantan together with multi-stakeholders</p>\r\n',	'resource',	'Partnership, Programs, In, West, Kalimantan, Province',	'partnership-programs-in-west-kalimantan-province-resource.pdf',	'Partnership-Programs-In-West-Kalimantan-Province',	NULL),
('2e8518e2a14ebd650b8a5d36a4aeb6ec',	'01a544f56e14b7e2c8a02e229e5bc3c5',	'ID',	'2017-11-18 15:03:56',	'Putting the Belantara vision into practice: implementing a multi stakeholder landscape approach with the South Sumatra Government ID',	'Landscape conservation is an incredibly complex issue. It is clear that the annual forest loss and degradation in Indonesia is a wider problem than any one stakeholder in the landscape can deal with, and it needs a far more imaginative, considered and collective strategy than has historically been the case.',	'<p>Landscape conservation is an incredibly complex issue. It is clear that the annual forest loss and degradation in Indonesia is a wider problem than any one stakeholder in the landscape can deal with, and it needs a far more imaginative, considered and collective strategy than has historically been the case.</p>\r\n\r\n<p>In 2014, the Belantara Foundation was established to develop a collaborative model to protect and restore Indonesia&rsquo;s natural forest through a landscape approach. It was set up by Asia Pulp &amp; Paper Group (APP) to coordinate with ongoing efforts to conserve biodiversity and natural forests within ten critical landscapes in Sumatra and Kalimantan, and to undertake complementary programs in forest restoration, wildlife conservation and community empowerment.</p>\r\n\r\n<p>Three of the landscapes &ndash;Berbak-Sembilang, Dangku, and Padang Sugihan &ndash; are in South Sumatra. Earlier this year, a jurisdictional approach was announced by the South Sumatra government, pledging to address deforestation and to reduce greenhouse gas emissions (GHGs) through a multi-stakeholder approach. Whilst Alex Noerdin, the Governor of South Sumatra, acknowledged that it would be an &ldquo;ambitious undertaking&rdquo;, he recognized that it is &ldquo;the only way to achieve harmony between environmental protection, economic development, and social welfare in one landscape&rdquo;.</p>\r\n\r\n<p>In July I attended the High Level Stakeholders Forum for Sustainable Landscape Approach. Related stakeholders for the South Sumatra landscape included &nbsp;partner countries, communities, NGOs and the private sector, all meeting to form one partnership to develop a GHG reduction model that is effective, integrated and comprehensive.</p>\r\n\r\n<p>Within this multi-stakeholder model, the South Sumatran Government has identified peat and mangrove landscapes as a priority. A 3D scanning of 4.5 million hectares of Sumatran peatland using LiDAR technology, commissioned by APP, is crucial in defining the landscape and contributing to clearer spatial planning in the region. This map will allow stakeholders in the area to understand the peatland boundaries they are operating within.</p>\r\n\r\n<p>The initiative forms the latest example of collaboration between a private company and the public sector, reflecting the principles of Belantara. The Foundation has been closely involved in long-term and significant efforts to reduce GHG emissions in South Sumatra and we hope our collaborative approach will act as an example for how to tackle deforestation and reduce GHGs, while supporting local communities.</p>\r\n\r\n<p>The partnership has even been recognized at an international level. Further ambitious actions were set to restore 150 million hectares of the world&rsquo;s degraded and deforested land by 2020, as part of the 2015 Bonn Challenge 2.0, with South Sumatra named as a priority on the international restoration agenda.</p>\r\n\r\n<p>This latest initiative forms part of Indonesia&rsquo;s pledge made at the 2009 G20 Summit to cut GHG emissions by 26% by 2020. The multi-faceted commitment underlines the fact that we cannot approach the problem of climate change in isolation. Instead, we need to consider the viability, responsible management and the sustainability of the entire landscape, encouraging all interested parties to be involved in finding a solution. The Indonesian Government will be building on this at COP21, and the approach such as the one in South Sumatra will be essential to meet the INDC target.</p>\r\n\r\n<p>The only workable solution to forest degradation is to focus on addressing the causes collectively. We cannot take a concession by concession approach, because the drivers of degradation do not respect concession boundaries. This is a landscape-level issue and so we need a landscape-level response, and we encourage everyone to visit the Belantara website to learn how they can play their part.</p>\r\n\r\n<hr />\r\n<p>By: Aida Greenbury, Member of Governing Board, Belantara Foundation.</p>\r\n',	'blog',	'test',	'putting-the-belantara-vision-into-practice-implementing-a-multi-stakeholder-landscape-approach-with-the-south-sumatra-government-blog.jpg',	'Putting-the-Belantara-vision-into-practice-implementing-a-multi-stakeholder-landscape-approach-with-the-South-Sumatra-Government',	'putting-the-belantara-vision-into-practice--implementing-a-multi-stakeholder-landscape-approach-with-the-south-sumatra-government-id'),
('43771a0d8f0281864834fc8b0a945ebf',	'd494d4441bf4bda2358764e334379165',	'EN',	'2017-11-20 16:45:28',	'Belantara Foundation Embarks on Partnership With Climate & Forest Capital To Encourage Private Sector Investment in Indonesia’s Carbon Market',	'Marrakesh, MOROCCO (November 15, 2016) –Indonesian not-for-profit Belantara Foundation and US based investment firm Climate & Forest Capital agreed to join forces on Tuesday in an effort to explore carbon credit investment opportunities within 10 priority landscapes across Kalimantan and Sumatra.\r\n\r\nThe partnership, announced on the side of UNFCCC’s COP22 negotiations. comes after a consortium of organizations, including Climate & Forest Capital, launched an investment blueprint for the REDD+ Acceleration Fund (“RAF”).  This new financing mechanism is being designed to help combat climate change by getting funds flowing into forest carbon credits, specifically by creating a vehicle which provides investors with enough security to start buying high-quality REDD+ credits.',	'<p>Marrakesh, MOROCCO (November 15, 2016) &ndash;Indonesian not-for-profit Belantara Foundation and US based investment firm Climate &amp; Forest Capital agreed to join forces on Tuesday in an effort to explore carbon credit investment opportunities within 10 priority landscapes across Kalimantan and Sumatra.</p>\r\n\r\n<p>The partnership, announced on the side of UNFCCC&rsquo;s COP22 negotiations. comes after a consortium of organizations, including Climate &amp; Forest Capital, launched an investment blueprint for the REDD+ Acceleration Fund (&ldquo;RAF&rdquo;).&nbsp; This new financing mechanism is being designed to help combat climate change by getting funds flowing into forest carbon credits, specifically by creating a vehicle which provides investors with enough security to start buying high-quality REDD+ credits.</p>\r\n\r\n<p>&ldquo;This is an exciting time for Belantara Foundation and for Indonesia. Our cooperation with Climate &amp; Forest Capital marks the next phase of our work that will see to the development of blended financing schemes in which co-financing will enable reallocation of risks for interested impact investors.&rdquo;</p>\r\n\r\n<p>&ldquo;We cannot rely solely on public sector funding if we want to achieve long-term sustainability within Indonesia&rsquo;s critical landscapes. The private sector needs to play a role in climate finance &mdash; it&rsquo;s time we develop the groundwork to make this happen,&rdquo; said Agus Sari, Belantara CEO.</p>\r\n\r\n<p>Speaking during the MoU signing in Marrakesh, Eron Bloomgarden, a partner at the investment firm, Climate &amp; Forest Capital, explained why Indonesia&rsquo;s carbon market offers a bounty of potential for private sector investors.</p>\r\n\r\n<p>&ldquo;Curbing global deforestation in Indonesia is crucial to addressing global climate change.&nbsp; We believe economic incentives must change to make trees and forests worth more alive than dead. And we think that payments for REDD+ credits can play an important role in solving global climate change and addressing local deforestation.&nbsp; We are very excited to be exploring this partnership with Belantara Foundation.&rdquo;</p>\r\n\r\n<p>While it&rsquo;s still early days, Climate &amp; Forest Capital and the other firms behind the REDD+ Acceleration Fund plan to reveal a draft investment blueprint during the COP22 negotiations in Morocco, after which they will publish the blueprint in early 2017. In the meantime Belantara Foundation will investigate potential project partners on the ground,which are producing, or intend to produce, REDD+ credits.</p>\r\n',	'press_release',	'Belantara, Foundation, Embarks',	'belantara-foundation-embarks-on-partnership-with-climate-forest-capital-to-encourage-private-sector-investment-in-indonesia-s-carbon-market-press_release.jpg',	'Belantara-Foundation-Embarks-on-Partnership-With-Climate-Forest-Capital-To-Encourage-Private-Sector-Investment-in-Indonesias-Carbon-Market',	''),
('4fd8f4d451adee80551db77e04a789e9',	'4524ed0264fcbdb4570b124b75940e72',	'EN',	'2017-11-18 11:27:02',	'Realising a new vision for the landscape',	'I have overseen a fair share of projects and programs throughout my 25 years working in environmental organisations dedicated to conserving Indonesia’s natural landscapes. While some conservation models have proven to be more effective than others, I take away new learnings from each project that I use to enrich my future work. This is one of the reasons I am excited about the establishment of the Belantara (Bersama Lestarikan Nusantara) Foundation, literally meaning ‘Conserving the Nation Together’.',	'<p>I have overseen a fair share of projects and programs throughout my 25 years working in environmental organisations dedicated to conserving Indonesia&rsquo;s natural landscapes. While some conservation models have proven to be more effective than others, I take away new learnings from each project that I use to enrich my future work. This is one of the reasons I am excited about the establishment of the Belantara (Bersama Lestarikan Nusantara) Foundation, literally meaning &lsquo;Conserving the Nation Together&rsquo;.</p>\r\n\r\n<p>The Belantara Foundation was established in 2014 by the Asia Pulp &amp; Paper Group (APP) to coordinate a landscape approach to conservation. When APP launched its Forest Conservation Policy (FCP) in 2013, the company mandated an end to natural forest clearance by its 38 pulpwood suppliers in Sumatra and Kalimantan. As part of this policy, APP developed a management plan for all of these suppliers&rsquo; concessions to balance environmental, social, and economic interests.</p>\r\n\r\n<p>While APP has reported good progress on the implementation of its FCP, it has at the same time called for wider collaboration with other stakeholders in the landscapes its suppliers operate within. Conservation of biodiversity and natural forests is not possible for one company to accomplish alone, and the actions of one company will have a limited impact on the environment if done in isolation. Sustainable, long-term conservation requires a far more imaginative, strategic and collective approach.</p>\r\n\r\n<p>Belantara seeks to align with the existing efforts of stakeholders within ten critical forest landscapes in Sumatra and Kalimantan. In coordination with these activities, the Foundation will undertake complementary projects and research in forest restoration, wildlife conservation and community empowerment. The activities will be decided and prioritized in consultation with stakeholders.</p>\r\n\r\n<p>Those familiar with this subject will understand that the &ldquo;landscape-approach&rdquo; is the favored approach of those working in conservation currently, with a focus on delivering sustainable conservation efforts. However, it is also inadvertently a more complex approach to conservation, due to its involvement and inclusion of a diverse range of stakeholders; from government and business to the not-for-profit sector, each of whom have differing priorities.</p>\r\n\r\n<p>Traditionally, each concession &lsquo;manager&rsquo; would only look at the area within their concession&rsquo;s legal boundaries, and herein lies the problem. For example, let us consider a theoretical land use allocation where an area is designated as a national park and managed by the BTN, while an area next to it is designated as plantation forest and managed by a private company. The company will develop a management plan for its concession; however, wildlife corridors, infrastructure, and hydrology management systems are highly connected across concession boundaries. Consequently, the management of conservation activities in the national park and the plantation forest can both benefit from a carefully integrated management plan. Management plans for an area need to take these intertwined relationships into account.</p>\r\n\r\n<p>A landscape approach is the answer to this. Since concessions, national parks, and community areas are interlinked and dependent upon one another, the landscape approach acknowledges that the sustainability of each area relies on collaboration with everyone involved in the landscape &ndash; government, NGOs, other businesses and local communities &ndash; and provides the blue print for the Belantara Foundation.</p>\r\n\r\n<p>APP is currently the main financial supporter for the Foundation. However, the initiative will be an even greater success with support from more stakeholders. Belantara will be funded by financial and in-kind donations from the public and other stakeholders interested in contributing to efforts to conserve the ten <a href=\"http://belantara.or.id/our-programs/\" target=\"_blank\">critical landscapes</a>. We encourage everyone to study Belantara programs on the new website, learn about the projects, and see how they may be able to play a part.</p>\r\n\r\n<p>It is my hope that by collecting and sharing information and initiating and channeling funding for priority programs, Belantara will serve as an effective coordination body that ensures each landscape&rsquo;s long-term sustainability. We need to see more collaboration between stakeholders in the landscapes, and we hope Belantara can serve as an example of what needs to and can be done.<br />\r\n&nbsp; &nbsp; &nbsp; &nbsp; &nbsp; &nbsp; &nbsp; &nbsp; &nbsp; &nbsp; &nbsp; &nbsp; &nbsp; &nbsp; &nbsp; &nbsp; &nbsp; &nbsp; &nbsp; &nbsp;</p>\r\n\r\n<p><strong>By: Dr. Dolly Priatna, Acting Executive Director, Belantara Foundation</strong></p>\r\n\r\n<p>&nbsp;</p>\r\n',	'blog',	'blog1',	'n-a-blog3.jpg',	'Realising-a-new-vision-for-the-landscape',	'realising-a-new-vision-for-the-landscape'),
('57cde18c13cc415d175475cbeaca26b5',	'7d10b7d47b7a77a000e5bb0300a72620',	'ID',	'2017-11-18 11:48:18',	'Ongoing Overkill Loss of Big Herbivores Leading to Empty Landscapes',	'Ongoing Overkill Loss of Big Herbivores Leading to Empty Landscapes',	'<p>Ongoing Overkill Loss of Big Herbivores Leading to Empty Landscapes</p>\r\n',	'news',	'ok',	'ongoing-overkill-loss-of-big-herbivores-leading-to-empty-landscapes-news.png',	'Ongoing-Overkill-Loss-of-Big-Herbivores-Leading-to-Empty-Landscapes',	NULL),
('5b321af427284d045c0d2ca2061b507f',	'8897d507c8f4afa1a3180b1d6264eb03',	'EN',	'2017-11-06 20:10:54',	'Partnership Programs In West Kalimantan Province',	'One of the partnership programs that Belantara currently working is the partnership program with West Kalimantan Province Government and also other multi-stakeholders, such as local NGOs and Private Sectors in the West Kalimantan. Kubu area is the speci c landscape in the province that is supported due to its rich biodiversity, its position as the home of the endangered species, Bornean orangutan, its carbon characteristic, as well as its vulnerability to the threat in the peatland ecosystems. Furthermore, in the long-term, Belantara plan to support the green growth program in West Kalimantan together with multi-stakeholders',	'<p>One of the partnership programs that Belantara currently working is the partnership program with West Kalimantan Province Government and also other multi-stakeholders, such as local NGOs and Private Sectors in the West Kalimantan. Kubu area is the speci c landscape in the province that is supported due to its rich biodiversity, its position as the home of the endangered species, Bornean orangutan, its carbon characteristic, as well as its vulnerability to the threat in the peatland ecosystems. Furthermore, in the long-term, Belantara plan to support the green growth program in West Kalimantan together with multi-stakeholders</p>\r\n',	'resource',	'Partnership, Programs, In, West, Kalimantan, Province',	'partnership-programs-in-west-kalimantan-province-resource.pdf',	'Partnership-Programs-In-West-Kalimantan-Province',	NULL),
('6f5e88f7ff632d4419441b1d9ba84c44',	'9a7a8d0144099a71d7c5bd9ce4365eb3',	'ID',	'2017-11-18 11:47:43',	'Indonesia Burning: Forest Fires Predicted to be Worst on Record',	'Indonesia Burning: Forest Fires Predicted to be Worst on RecordIndonesia Burning: Forest Fires Predicted to be Worst on Record',	'<p>Indonesia Burning: Forest Fires Predicted to be Worst on Record</p>\r\n',	'news',	'ok',	'indonesia-burning-forest-fires-predicted-to-be-worst-on-record-news.jpg',	'Indonesia-Burning-Forest-Fires-Predicted-to-be-Worst-on-Record',	NULL),
('83c4c77923e3be64578a592c3c7fbff5',	'9a7a8d0144099a71d7c5bd9ce4365eb3',	'EN',	'2017-11-18 11:47:43',	'Indonesia Burning: Forest Fires Predicted to be Worst on Record',	'Indonesia Burning: Forest Fires Predicted to be Worst on Record',	'<p>Indonesia Burning: Forest Fires Predicted to be Worst on Record</p>\r\n',	'news',	'ok',	'indonesia-burning-forest-fires-predicted-to-be-worst-on-record-news.jpg',	'Indonesia-Burning-Forest-Fires-Predicted-to-be-Worst-on-Record',	NULL),
('93810bc55e55cf8f363c8b54682b64d5',	'ee381ed090fb4de3047308cb66371978',	'EN',	'2017-11-18 11:46:46',	'Episode #5 – Tony Juniper + how the world’s biggest paper company is atoning for its sins',	'Episode #5 – Tony Juniper + how the world’s biggest paper company is atoning for its sins',	'<p>One of the partnership programs that Belantara currently working is the partnership program with West Kalimantan Province Government and also other multi-stakeholders, such as local NGOs and Private Sectors in the West Kalimantan. Kubu area is the speci c landscape in the province that is supported due to its rich biodiversity, its position as the home of the endangered species, Bornean orangutan, its carbon characteristic, as well as its vulnerability to the threat in the peatland ecosystems. Furthermore, in the long-term, Belantara plan to support the green growth program in West Kalimantan together with multi-stakeholders</p>\r\n',	'news',	'test',	'episode-5-tony-juniper-how-the-world-s-biggest-paper-company-is-atoning-for-its-sins-news.jpg',	'Episode-5-Tony-Juniper-how-the-worlds-biggest-paper-company-is-atoning-for-its-sins',	NULL),
('957d22912d083f3cdf42941acce6800a',	'ef1fed1dc70ac95a8d924d60fac28777',	'EN',	'2017-11-20 14:28:10',	'Sumsel Segera Miliki Cagar Biofer',	'Guna mewujudkan pembangunan daerah, menyelaraskan pembangunan ekonomi, dan perlindungan lingkungan dan kesejahteraan masyarakat, Pemprov Sumsel telah menyusun dan menerapkan program pertumbuhan ekonomi hijau (South Sumatra Green Growth) dengan pendekatan ecoregion…',	'http://detak-palembang.com/sumsel-segera-miliki-cagar-biofer/',	'related_news',	'Sumsel, Segera, Miliki, Cagar Biofer',	NULL,	'x',	'sumsel-segera-miliki-cagar-biofer'),
('aaea00a31c6cf13a67979b53cf1eeb53',	'376840be79cd183be3c9e25218ff4632',	'ID',	'2017-11-18 15:02:33',	'IPFEST 2016 – Promosi Program Yayasan Belantara pada Ajang Berbagi dan Menggalang Sinergi untuk Restorasi Bentang Alam ID',	'Indonesia Philanthropy Festival 2016 (IPFest 2016) memiliki tujuan salah satunya yaitu mempertemukan dan memfasilitasi terjadinya sinergi dan kemitraan di antara para pelaku filantropi dan organisasi pelaksana program khususnya dalam pencapaian target Tujuan Pembangunan Berkelanjutan (Sustainable Development Goals – SDGs).',	'<p>Indonesia Philanthropy Festival 2016 (IPFest 2016) memiliki tujuan salah satunya yaitu mempertemukan dan memfasilitasi terjadinya sinergi dan kemitraan di antara para pelaku filantropi dan organisasi pelaksana program khususnya dalam pencapaian target Tujuan Pembangunan Berkelanjutan (Sustainable Development Goals &ndash; SDGs).</p>\r\n\r\n<p>Pada kesempatan IPFest 2016 ini, Yayasan Belantara mendapatkan kehormatan dari panitia penyelenggara untuk mengisi agenda di panggung utama dan kegiatan pameran. Kesempatan ini sangat baik bagi promosi Yayasan Belantara sebagai sebuah lembaga yang baru berdiri, dan ingin mengajak sebanyak mungkin pihak untuk berkontribusi dalam program restorasi bentang alam.</p>\r\n\r\n<p>Festival ini merupakan wadah yang tepat bagi Yayasan Belantara untuk mempromosikan program dan kegiatannya serta menggalang dukungan publik, khususnya dari para pengunjung dan peserta IPFest 2016 serta para pemangku kepentingan kunci lainnya. Terlebih lagi mengingat bahwa program dan kegiatan Yayasan Belantara sangat mendukung pencapaian SDGs, antara lain: program Pemberdayaan Masyarakat dan Pengembangan Ekonomi Berbasis Sumber Daya Lokal (Goals 1, 2, dan 4); Restorasi dan Rehabilitasi Bentang Alam (Goals 13 dan 15) melalui kegiatan kemitraan strategis dengan pendekatan Public-Private-People-Partnership (Goal 17).</p>\r\n\r\n<p>Kegiatan Yayasan Belantara di IPFest 2016 terdiri dari dua (2) kegiatan utama, antara lain:</p>\r\n\r\n<p>&nbsp;</p>\r\n\r\n<h3><a href=\"http://belantara.or.id/wp-content/uploads/e-poster.jpg\" target=\"_blank\">Talk Show &ldquo;Kemitraan Pendanaan Pengelolaan Lansekap Berkelanjutan&rdquo;</a></h3>\r\n\r\n<p>Hari, Tanggal: Jumat, 7 Oktober 2016<br />\r\nWaktu: 13.00 &ndash; 14.30 WIB<br />\r\nTempat: Panggung Utama, Ruang Cenderawasih, Jakarta Convention Center</p>\r\n\r\n<p>&nbsp;</p>\r\n\r\n<h3><a href=\"http://belantara.or.id/wp-content/uploads/E-flyer-1.pdf\" target=\"_blank\">Pameran, Pendidikan Lingkungan Hidup dan Konservasi, serta Diskusi Pengenalan Program</a></h3>\r\n\r\n<p>Hari, Tanggal: Kamis-Minggu, 6-9 Oktober 2016<br />\r\nWaktu: 09.00 &ndash; 18.00 WIB<br />\r\nTempat: Booth Belantara, Ruang Cenderawasih, Jakarta Convention Center</p>\r\n\r\n<p>Untuk informasi lebih lanjut tentang kegiatan Yayasan Belantara di IPFest 2016, silakan lihat Rangkuman Hasil&nbsp;<a href=\"http://belantara.or.id/wp-content/uploads/Rangkuman-Hasil-Belantara-di-IPFest-2016.pdf\" target=\"_blank\">di sini.</a></p>\r\n',	'blog',	'test',	'ipfest-2016-promosi-program-yayasan-belantara-pada-ajang-berbagi-dan-menggalang-sinergi-untuk-restorasi-bentang-alam-blog.jpg',	'IPFEST-2016-Promosi-Program-Yayasan-Belantara-pada-Ajang-Berbagi-dan-Menggalang-Sinergi-untuk-Restorasi-Bentang-Alam',	'ipfest-2016-----promosi-program-yayasan-belantara-pada-ajang-berbagi-dan-menggalang-sinergi-untuk-restorasi-bentang-alam'),
('ad1467152dbd0f5e0fdb1f315df50410',	'ef1fed1dc70ac95a8d924d60fac28777',	'ID',	'2017-11-20 14:28:10',	'x',	'x',	'x',	'related_news',	'x',	NULL,	'x',	'x'),
('ceb4a4a51fb14c1f9fc53c9497dff31d',	'40e1242e2b033ae352b364c9ce7bd1ff',	'EN',	'2017-11-20 16:37:32',	'Eminent Indonesian Conservationist and Belantara Board Member Receives Lifetime Achievement Award, Has New Species Named After him',	'Jakarta, 1 March 2017 – One of Indonesia’s leading conservation figures and Belantara Foundation’s Vice Chair Of Board of Trustees, Professor Jatna Supriatna, has been honoured during a recent event by the environmental non-profit Conservation International (CI) for his long-standing dedication to protect the archipelago’s biodiversity. The Lifetime Achievement Award & Leadership on Biodiversity Conservation recognizes Prof. Supriatna’s significant contributions to the scientific understanding Indonesian primates, and his leadership of the Indonesian programme of CI. Prof. Supriatna’s guidance and experience in the field is helping a new generation of environmental organizations to address the loss of forests and wildlife.',	'<p>Jakarta, 1 March 2017 &ndash; One of Indonesia&rsquo;s leading conservation figures and Belantara Foundation&rsquo;s Vice Chair Of Board of Trustees,&nbsp;Professor Jatna Supriatna, has been honoured during a recent event by the environmental non-profit Conservation International (CI) for his long-standing dedication to protect the archipelago&rsquo;s biodiversity. The Lifetime Achievement Award &amp; Leadership on Biodiversity Conservation recognizes Prof. Supriatna&rsquo;s significant contributions to the scientific understanding Indonesian primates, and his leadership of the Indonesian programme of CI. Prof. Supriatna&rsquo;s guidance and experience in the field is helping a new generation of environmental organizations to address the loss of forests and wildlife.</p>\r\n\r\n<p>During the event, Prof. Supriatna was also given an exceptional honour by the researchers of the Primate Specialist Group of IUCN (International Union for Conservation of Nature) as an appreciation for his dedication in this field, who named a new species of primate they just newly found after him,<em>Tarsius Supriatnai</em>.</p>\r\n\r\n<p><strong>&ldquo;Inspiring and exceptional achievements&rdquo;</strong><br />\r\n&ldquo;We are thrilled to hear that Prof. Supriatna has received the recognition he deserves for his unwavering commitment to protecting Indonesian nature&rdquo;,&nbsp;<strong>said Agus P. Sari, CEO of Belantara Foundation</strong>, a non-profit organisation dedicated to the protection of forest and peatland ecosystems. &ldquo;The entire management of Belantara Foundation and I would like to express our sincere congratulations to Prof. Supriatna, the Vice Chair of our Board of Trustees and a best friend of mine &ndash; for this inspiring and exceptional achievement. It reflects the immense contribution made by him as an expert in his field.&rdquo;&nbsp;</p>\r\n\r\n<p>Reacting to the award,&nbsp;<strong>Prof. Supriatna</strong>&nbsp;said: &ldquo;I feel so blessed and sincerely surprised by this honour. The award is certainly a result of my consistency in working for biodiversity conservation for 42 years since 1975. I am truly happy that my work is acknowledged, and especially by all of my colleagues who share the same passion with me. I also understand that this is also a big responsibility and a challenge for myself. The drive from all of us is needed to continue fight for conservation.&rdquo;</p>\r\n\r\n<p><strong>A career dedicated to conservation</strong><br />\r\nDuring a career that already spans more than four decades, Prof. Supriatna has chaired the Indonesian chapter of the United Nations Sustainable Development Solutions Network and lead the Indonesia programme of Conservation International. In addition to his role at Belantara Foundation, Prof. Supriatna serves as Chairman of the Research Center for Climate Change, University of Indonesia (RCCC UI). Prof. Supriatna also served as Senior lecturer at the Biology Dept., Director of Biodiversity and Conservation Studies, Coordinator of Graduate Program on Conservation Biology of the University of Indonesia. He has a Master of Science and Doctorate degree from the University of New Mexico, USA, including a pre- and post-doctoral at Columbia University in New York.</p>\r\n',	'press_release',	'Eminent, Indonesian Conservationist, Belantara Board',	'eminent-indonesian-conservationist-and-belantara-board-member-receives-lifetime-achievement-award-has-new-species-named-after-him-press_release.jpg',	'Eminent-Indonesian-Conservationist-and-Belantara-Board-Member-Receives-Lifetime-Achievement-Award-Has-New-Species-Named-After-him',	'eminent-indonesian-conservationist-and-belantara-board-member-receives-lifetime-achievement-award--has-new-species-named-after-him'),
('d73e0c75d9a6a303c558b9b7bf843821',	'd494d4441bf4bda2358764e334379165',	'ID',	'2017-11-20 16:45:28',	'Belantara Foundation Embarks on Partnership With Climate & Forest Capital To Encourage Private Sector Investment in Indonesia’s Carbon Market',	'Marrakesh, MOROCCO (November 15, 2016) –Indonesian not-for-profit Belantara Foundation and US based investment firm Climate & Forest Capital agreed to join forces on Tuesday in an effort to explore carbon credit investment opportunities within 10 priority landscapes across Kalimantan and Sumatra.\r\n\r\nThe partnership, announced on the side of UNFCCC’s COP22 negotiations. comes after a consortium of organizations, including Climate & Forest Capital, launched an investment blueprint for the REDD+ Acceleration Fund (“RAF”).  This new financing mechanism is being designed to help combat climate change by getting funds flowing into forest carbon credits, specifically by creating a vehicle which provides investors with enough security to start buying high-quality REDD+ credits.',	'<p>Marrakesh, MOROCCO (November 15, 2016) &ndash;Indonesian not-for-profit Belantara Foundation and US based investment firm Climate &amp; Forest Capital agreed to join forces on Tuesday in an effort to explore carbon credit investment opportunities within 10 priority landscapes across Kalimantan and Sumatra.</p>\r\n\r\n<p>The partnership, announced on the side of UNFCCC&rsquo;s COP22 negotiations. comes after a consortium of organizations, including Climate &amp; Forest Capital, launched an investment blueprint for the REDD+ Acceleration Fund (&ldquo;RAF&rdquo;).&nbsp; This new financing mechanism is being designed to help combat climate change by getting funds flowing into forest carbon credits, specifically by creating a vehicle which provides investors with enough security to start buying high-quality REDD+ credits.</p>\r\n\r\n<p>&ldquo;This is an exciting time for Belantara Foundation and for Indonesia. Our cooperation with Climate &amp; Forest Capital marks the next phase of our work that will see to the development of blended financing schemes in which co-financing will enable reallocation of risks for interested impact investors.&rdquo;</p>\r\n\r\n<p>&ldquo;We cannot rely solely on public sector funding if we want to achieve long-term sustainability within Indonesia&rsquo;s critical landscapes. The private sector needs to play a role in climate finance &mdash; it&rsquo;s time we develop the groundwork to make this happen,&rdquo; said Agus Sari, Belantara CEO.</p>\r\n\r\n<p>Speaking during the MoU signing in Marrakesh, Eron Bloomgarden, a partner at the investment firm, Climate &amp; Forest Capital, explained why Indonesia&rsquo;s carbon market offers a bounty of potential for private sector investors.</p>\r\n\r\n<p>&ldquo;Curbing global deforestation in Indonesia is crucial to addressing global climate change.&nbsp; We believe economic incentives must change to make trees and forests worth more alive than dead. And we think that payments for REDD+ credits can play an important role in solving global climate change and addressing local deforestation.&nbsp; We are very excited to be exploring this partnership with Belantara Foundation.&rdquo;</p>\r\n\r\n<p>While it&rsquo;s still early days, Climate &amp; Forest Capital and the other firms behind the REDD+ Acceleration Fund plan to reveal a draft investment blueprint during the COP22 negotiations in Morocco, after which they will publish the blueprint in early 2017. In the meantime Belantara Foundation will investigate potential project partners on the ground,which are producing, or intend to produce, REDD+ credits.</p>\r\n',	'press_release',	'Belantara, Foundation, Embarks',	'belantara-foundation-embarks-on-partnership-with-climate-forest-capital-to-encourage-private-sector-investment-in-indonesia-s-carbon-market-press_release.jpg',	'Belantara-Foundation-Embarks-on-Partnership-With-Climate-Forest-Capital-To-Encourage-Private-Sector-Investment-in-Indonesias-Carbon-Market',	''),
('dfef2921a95c56c62c3869ebcd2a9ab2',	'01a544f56e14b7e2c8a02e229e5bc3c5',	'EN',	'2017-11-18 15:03:56',	'Putting the Belantara vision into practice:implementing a multi stakeholder landscape approach with the South Sumatra Government',	'Landscape conservation is an incredibly complex issue. It is clear that the annual forest loss and degradation in Indonesia is a wider problem than any one stakeholder in the landscape can deal with, and it needs a far more imaginative, considered and collective strategy than has historically been the case.',	'<p>Landscape conservation is an incredibly complex issue. It is clear that the annual forest loss and degradation in Indonesia is a wider problem than any one stakeholder in the landscape can deal with, and it needs a far more imaginative, considered and collective strategy than has historically been the case.</p>\r\n\r\n<p>In 2014, the Belantara Foundation was established to develop a collaborative model to protect and restore Indonesia&rsquo;s natural forest through a landscape approach. It was set up by Asia Pulp &amp; Paper Group (APP) to coordinate with ongoing efforts to conserve biodiversity and natural forests within ten critical landscapes in Sumatra and Kalimantan, and to undertake complementary programs in forest restoration, wildlife conservation and community empowerment.</p>\r\n\r\n<p>Three of the landscapes &ndash;Berbak-Sembilang, Dangku, and Padang Sugihan &ndash; are in South Sumatra. Earlier this year, a jurisdictional approach was announced by the South Sumatra government, pledging to address deforestation and to reduce greenhouse gas emissions (GHGs) through a multi-stakeholder approach. Whilst Alex Noerdin, the Governor of South Sumatra, acknowledged that it would be an &ldquo;ambitious undertaking&rdquo;, he recognized that it is &ldquo;the only way to achieve harmony between environmental protection, economic development, and social welfare in one landscape&rdquo;.</p>\r\n\r\n<p>In July I attended the High Level Stakeholders Forum for Sustainable Landscape Approach. Related stakeholders for the South Sumatra landscape included &nbsp;partner countries, communities, NGOs and the private sector, all meeting to form one partnership to develop a GHG reduction model that is effective, integrated and comprehensive.</p>\r\n\r\n<p>Within this multi-stakeholder model, the South Sumatran Government has identified peat and mangrove landscapes as a priority. A 3D scanning of 4.5 million hectares of Sumatran peatland using LiDAR technology, commissioned by APP, is crucial in defining the landscape and contributing to clearer spatial planning in the region. This map will allow stakeholders in the area to understand the peatland boundaries they are operating within.</p>\r\n\r\n<p>The initiative forms the latest example of collaboration between a private company and the public sector, reflecting the principles of Belantara. The Foundation has been closely involved in long-term and significant efforts to reduce GHG emissions in South Sumatra and we hope our collaborative approach will act as an example for how to tackle deforestation and reduce GHGs, while supporting local communities.</p>\r\n\r\n<p>The partnership has even been recognized at an international level. Further ambitious actions were set to restore 150 million hectares of the world&rsquo;s degraded and deforested land by 2020, as part of the 2015 Bonn Challenge 2.0, with South Sumatra named as a priority on the international restoration agenda.</p>\r\n\r\n<p>This latest initiative forms part of Indonesia&rsquo;s pledge made at the 2009 G20 Summit to cut GHG emissions by 26% by 2020. The multi-faceted commitment underlines the fact that we cannot approach the problem of climate change in isolation. Instead, we need to consider the viability, responsible management and the sustainability of the entire landscape, encouraging all interested parties to be involved in finding a solution. The Indonesian Government will be building on this at COP21, and the approach such as the one in South Sumatra will be essential to meet the INDC target.</p>\r\n\r\n<p>The only workable solution to forest degradation is to focus on addressing the causes collectively. We cannot take a concession by concession approach, because the drivers of degradation do not respect concession boundaries. This is a landscape-level issue and so we need a landscape-level response, and we encourage everyone to visit the Belantara website to learn how they can play their part.</p>\r\n\r\n<hr />\r\n<p>By: Aida Greenbury, Member of Governing Board, Belantara Foundation.</p>\r\n',	'blog',	'test',	'putting-the-belantara-vision-into-practice-implementing-a-multi-stakeholder-landscape-approach-with-the-south-sumatra-government-blog.jpg',	'Putting-the-Belantara-vision-into-practice-implementing-a-multi-stakeholder-landscape-approach-with-the-South-Sumatra-Government',	'putting-the-belantara-vision-into-practice-implementing-a-multi-stakeholder-landscape-approach-with-the-south-sumatra-government'),
('f025ea3393ab35cd203068fd7b92a711',	'40e1242e2b033ae352b364c9ce7bd1ff',	'ID',	'2017-11-20 16:37:32',	'Eminent Indonesian Conservationist and Belantara Board Member Receives Lifetime Achievement Award, Has New Species Named After him',	'Jakarta, 1 March 2017 – One of Indonesia’s leading conservation figures and Belantara Foundation’s Vice Chair Of Board of Trustees, Professor Jatna Supriatna, has been honoured during a recent event by the environmental non-profit Conservation International (CI) for his long-standing dedication to protect the archipelago’s biodiversity. The Lifetime Achievement Award & Leadership on Biodiversity Conservation recognizes Prof. Supriatna’s significant contributions to the scientific understanding Indonesian primates, and his leadership of the Indonesian programme of CI. Prof. Supriatna’s guidance and experience in the field is helping a new generation of environmental organizations to address the loss of forests and wildlife.',	'<p>Jakarta, 1 March 2017 &ndash; One of Indonesia&rsquo;s leading conservation figures and Belantara Foundation&rsquo;s Vice Chair Of Board of Trustees,&nbsp;Professor Jatna Supriatna, has been honoured during a recent event by the environmental non-profit Conservation International (CI) for his long-standing dedication to protect the archipelago&rsquo;s biodiversity. The Lifetime Achievement Award &amp; Leadership on Biodiversity Conservation recognizes Prof. Supriatna&rsquo;s significant contributions to the scientific understanding Indonesian primates, and his leadership of the Indonesian programme of CI. Prof. Supriatna&rsquo;s guidance and experience in the field is helping a new generation of environmental organizations to address the loss of forests and wildlife.</p>\r\n\r\n<p>During the event, Prof. Supriatna was also given an exceptional honour by the researchers of the Primate Specialist Group of IUCN (International Union for Conservation of Nature) as an appreciation for his dedication in this field, who named a new species of primate they just newly found after him,<em>Tarsius Supriatnai</em>.</p>\r\n\r\n<p><strong>&ldquo;Inspiring and exceptional achievements&rdquo;</strong><br />\r\n&ldquo;We are thrilled to hear that Prof. Supriatna has received the recognition he deserves for his unwavering commitment to protecting Indonesian nature&rdquo;,&nbsp;<strong>said Agus P. Sari, CEO of Belantara Foundation</strong>, a non-profit organisation dedicated to the protection of forest and peatland ecosystems. &ldquo;The entire management of Belantara Foundation and I would like to express our sincere congratulations to Prof. Supriatna, the Vice Chair of our Board of Trustees and a best friend of mine &ndash; for this inspiring and exceptional achievement. It reflects the immense contribution made by him as an expert in his field.&rdquo;&nbsp;</p>\r\n\r\n<p>Reacting to the award,&nbsp;<strong>Prof. Supriatna</strong>&nbsp;said: &ldquo;I feel so blessed and sincerely surprised by this honour. The award is certainly a result of my consistency in working for biodiversity conservation for 42 years since 1975. I am truly happy that my work is acknowledged, and especially by all of my colleagues who share the same passion with me. I also understand that this is also a big responsibility and a challenge for myself. The drive from all of us is needed to continue fight for conservation.&rdquo;</p>\r\n\r\n<p><strong>A career dedicated to conservation</strong><br />\r\nDuring a career that already spans more than four decades, Prof. Supriatna has chaired the Indonesian chapter of the United Nations Sustainable Development Solutions Network and lead the Indonesia programme of Conservation International. In addition to his role at Belantara Foundation, Prof. Supriatna serves as Chairman of the Research Center for Climate Change, University of Indonesia (RCCC UI). Prof. Supriatna also served as Senior lecturer at the Biology Dept., Director of Biodiversity and Conservation Studies, Coordinator of Graduate Program on Conservation Biology of the University of Indonesia. He has a Master of Science and Doctorate degree from the University of New Mexico, USA, including a pre- and post-doctoral at Columbia University in New York.</p>\r\n',	'press_release',	'Eminent, Indonesian Conservationist, Belantara Board',	'eminent-indonesian-conservationist-and-belantara-board-member-receives-lifetime-achievement-award-has-new-species-named-after-him-press_release.jpg',	'Eminent-Indonesian-Conservationist-and-Belantara-Board-Member-Receives-Lifetime-Achievement-Award-Has-New-Species-Named-After-him',	'eminent-indonesian-conservationist-and-belantara-board-member-receives-lifetime-achievement-award--has-new-species-named-after-him'),
('f3c1fd6f7cc2040e5f93dd47ae06727c',	'7d10b7d47b7a77a000e5bb0300a72620',	'EN',	'2017-11-18 11:48:18',	'Ongoing Overkill Loss of Big Herbivores Leading to Empty Landscapes',	'Ongoing Overkill Loss of Big Herbivores Leading to Empty Landscapes',	'<p>Ongoing Overkill Loss of Big Herbivores Leading to Empty Landscapes</p>\r\n',	'news',	'ok',	'ongoing-overkill-loss-of-big-herbivores-leading-to-empty-landscapes-news.png',	'Ongoing-Overkill-Loss-of-Big-Herbivores-Leading-to-Empty-Landscapes',	NULL),
('f6f940f3a8e842c520ee13f8b8e33c67',	'a23f891fbba4c0ef53603f7a71476ab5',	'ID',	'2017-11-20 17:09:51',	'Biodiversity resilience in the Central Indian Highlands is contingent on maintaining and recovering landscape connectivity: the tiger as a case study',	'Corridors (variably called landscape linkages, connectors, and gateways) are expanses of a landscape that facilitate the flow or movement of individuals, genes, and ecological processes. Protected areas with their buffer zones and the corridors that connect them are cornerstones of modern conservation actions to maintain the biodiversity we have and restore what we have lost…',	'biodiversity-resilience-in-the-central-indian-highlands-is-contingent-on-maintaining-and-recovering-landscape-connectivity-the-tiger-as-a-case-study-reference.pdf',	'reference',	'test',	NULL,	'Biodiversity-resilience-in-the-Central-Indian-Highlands-is-contingent-on-maintaining-and-recovering-landscape-connectivity-the-tiger-as-a-case-study',	'Biodiversity resilience in the Central Indian Highlands is contingent on maintaining and recovering landscape connectivity  the tiger as a case study'),
('fcfa15e669cd13a5713a726d2b48bc30',	'4524ed0264fcbdb4570b124b75940e72',	'ID',	'2017-11-18 11:27:02',	'Realising a new vision for the landscape ID',	'I have overseen a fair share of projects and programs throughout my 25 years working in environmental organisations dedicated to conserving Indonesia’s natural landscapes. While some conservation models have proven to be more effective than others, I take away new learnings from each project that I use to enrich my future work. This is one of the reasons I am excited about the establishment of the Belantara (Bersama Lestarikan Nusantara) Foundation, literally meaning ‘Conserving the Nation Together’.',	'<p>I have overseen a fair share of projects and programs throughout my 25 years working in environmental organisations dedicated to conserving Indonesia&rsquo;s natural landscapes. While some conservation models have proven to be more effective than others, I take away new learnings from each project that I use to enrich my future work. This is one of the reasons I am excited about the establishment of the Belantara (Bersama Lestarikan Nusantara) Foundation, literally meaning &lsquo;Conserving the Nation Together&rsquo;.</p>\r\n\r\n<p>The Belantara Foundation was established in 2014 by the Asia Pulp &amp; Paper Group (APP) to coordinate a landscape approach to conservation. When APP launched its Forest Conservation Policy (FCP) in 2013, the company mandated an end to natural forest clearance by its 38 pulpwood suppliers in Sumatra and Kalimantan. As part of this policy, APP developed a management plan for all of these suppliers&rsquo; concessions to balance environmental, social, and economic interests.</p>\r\n\r\n<p>While APP has reported good progress on the implementation of its FCP, it has at the same time called for wider collaboration with other stakeholders in the landscapes its suppliers operate within. Conservation of biodiversity and natural forests is not possible for one company to accomplish alone, and the actions of one company will have a limited impact on the environment if done in isolation. Sustainable, long-term conservation requires a far more imaginative, strategic and collective approach.</p>\r\n\r\n<p>Belantara seeks to align with the existing efforts of stakeholders within ten critical forest landscapes in Sumatra and Kalimantan. In coordination with these activities, the Foundation will undertake complementary projects and research in forest restoration, wildlife conservation and community empowerment. The activities will be decided and prioritized in consultation with stakeholders.</p>\r\n\r\n<p>Those familiar with this subject will understand that the &ldquo;landscape-approach&rdquo; is the favored approach of those working in conservation currently, with a focus on delivering sustainable conservation efforts. However, it is also inadvertently a more complex approach to conservation, due to its involvement and inclusion of a diverse range of stakeholders; from government and business to the not-for-profit sector, each of whom have differing priorities.</p>\r\n\r\n<p>Traditionally, each concession &lsquo;manager&rsquo; would only look at the area within their concession&rsquo;s legal boundaries, and herein lies the problem. For example, let us consider a theoretical land use allocation where an area is designated as a national park and managed by the BTN, while an area next to it is designated as plantation forest and managed by a private company. The company will develop a management plan for its concession; however, wildlife corridors, infrastructure, and hydrology management systems are highly connected across concession boundaries. Consequently, the management of conservation activities in the national park and the plantation forest can both benefit from a carefully integrated management plan. Management plans for an area need to take these intertwined relationships into account.</p>\r\n\r\n<p>A landscape approach is the answer to this. Since concessions, national parks, and community areas are interlinked and dependent upon one another, the landscape approach acknowledges that the sustainability of each area relies on collaboration with everyone involved in the landscape &ndash; government, NGOs, other businesses and local communities &ndash; and provides the blue print for the Belantara Foundation.</p>\r\n\r\n<p>APP is currently the main financial supporter for the Foundation. However, the initiative will be an even greater success with support from more stakeholders. Belantara will be funded by financial and in-kind donations from the public and other stakeholders interested in contributing to efforts to conserve the ten&nbsp;<a href=\"http://belantara.or.id/our-programs/\" target=\"_blank\">critical landscapes</a>. We encourage everyone to study Belantara programs on the new website, learn about the projects, and see how they may be able to play a part.</p>\r\n\r\n<p>It is my hope that by collecting and sharing information and initiating and channeling funding for priority programs, Belantara will serve as an effective coordination body that ensures each landscape&rsquo;s long-term sustainability. We need to see more collaboration between stakeholders in the landscapes, and we hope Belantara can serve as an example of what needs to and can be done.<br />\r\n&nbsp; &nbsp; &nbsp; &nbsp; &nbsp; &nbsp; &nbsp; &nbsp; &nbsp; &nbsp; &nbsp; &nbsp; &nbsp; &nbsp; &nbsp; &nbsp; &nbsp; &nbsp; &nbsp; &nbsp;</p>\r\n\r\n<p><strong>By: Dr. Dolly Priatna, Acting Executive Director, Belantara Foundation x</strong></p>\r\n',	'blog',	'blog1',	'realising-a-new-vision-for-the-landscape-blog.jpg',	'Realising-a-new-vision-for-the-landscape',	'realising-a-new-vision-for-the-landscape');

DROP TABLE IF EXISTS `gallery`;
CREATE TABLE `gallery` (
  `id` varchar(255) NOT NULL DEFAULT '',
  `image` varchar(255) NOT NULL,
  `title` varchar(255) NOT NULL,
  `title_en` varchar(255) NOT NULL,
  `deskripsi` varchar(255) NOT NULL,
  `deskripsi_en` varchar(255) NOT NULL,
  `tanggal` datetime NOT NULL DEFAULT '0000-00-00 00:00:00' ON UPDATE CURRENT_TIMESTAMP,
  PRIMARY KEY (`id`)
) ENGINE=InnoDB DEFAULT CHARSET=latin1;

INSERT INTO `gallery` (`id`, `image`, `title`, `title_en`, `deskripsi`, `deskripsi_en`, `tanggal`) VALUES
('25dc28b766a0f8066a48d24abbdcb580',	'1-gallery.jpg',	'1',	'1',	'1',	'1',	'2017-11-19 03:37:23'),
('35789d2639f7c9b16f71988e69261d01',	'gol-tunggal-aguero-menangkan-argentina-gallery.JPG',	'Gol Tunggal Aguero Menangkan Argentina',	'Gol Tunggal Aguero Menangkan Argentina',	'Gol Tunggal Aguero Menangkan Argentina',	'Gol Tunggal Aguero Menangkan Argentina',	'2017-11-11 19:34:25'),
('b17cc62c7a97165842779515a959568e',	'2-gallery.jpg',	'2',	'2',	'2',	'2',	'2017-11-19 03:39:25');

DROP TABLE IF EXISTS `grant`;
CREATE TABLE `grant` (
  `id_grant` int(11) NOT NULL AUTO_INCREMENT,
  `pengaju_pejabat_utama` varchar(225) NOT NULL,
  `pengaju_pejabat_utama_jabatan` varchar(225) NOT NULL,
  `pengaju_pejabat_kegiatan` varchar(225) NOT NULL,
  `pengaju_pejabat_kegiatan_jabatan` varchar(225) NOT NULL,
  `status_grant` varchar(225) NOT NULL DEFAULT 'On Review Internal',
  `resume` float NOT NULL,
  `id_biodata` int(11) NOT NULL,
  `date_simpan` date NOT NULL,
  `date_kirim` date NOT NULL,
  PRIMARY KEY (`id_grant`),
  KEY `id_biodata` (`id_biodata`),
  CONSTRAINT `grant_ibfk_1` FOREIGN KEY (`id_biodata`) REFERENCES `applican_biodata` (`id_biodata`)
) ENGINE=InnoDB DEFAULT CHARSET=latin1;

INSERT INTO `grant` (`id_grant`, `pengaju_pejabat_utama`, `pengaju_pejabat_utama_jabatan`, `pengaju_pejabat_kegiatan`, `pengaju_pejabat_kegiatan_jabatan`, `status_grant`, `resume`, `id_biodata`, `date_simpan`, `date_kirim`) VALUES
(1,	'Ahmad Luky ramdani',	'Manajer Harian',	'Karunia',	'Asisten',	'Review',	100,	1,	'2017-11-29',	'2017-11-29'),
(2,	'Ahmad Luky Ramdani',	'Dosen',	'Taufik Ahmad',	'Asisten Ahli',	'Review',	100,	1,	'2017-12-02',	'2017-12-02');

DROP TABLE IF EXISTS `grant_dokumen`;
CREATE TABLE `grant_dokumen` (
  `id_dokumen` int(11) NOT NULL AUTO_INCREMENT,
  `dokumen_nama` varchar(225) NOT NULL,
  `dokumen_file` varchar(225) NOT NULL,
  `id_grant` int(11) NOT NULL,
  PRIMARY KEY (`id_dokumen`),
  KEY `id_ grant` (`id_grant`),
  CONSTRAINT `grant_dokumen_ibfk_1` FOREIGN KEY (`id_grant`) REFERENCES `grant` (`id_grant`)
) ENGINE=InnoDB DEFAULT CHARSET=latin1;

INSERT INTO `grant_dokumen` (`id_dokumen`, `dokumen_nama`, `dokumen_file`, `id_grant`) VALUES
(100,	'KTP',	'5-signs.png',	2),
(101,	'KTA',	'5-signs.png',	2),
(102,	'TKTP',	'Screenshot at Oct 30 20-59-36.png',	1),
(103,	'AKTE',	'Screenshot at Oct 24 19-56-38.png',	1);

DROP TABLE IF EXISTS `grant_indikator`;
CREATE TABLE `grant_indikator` (
  `id_indikator` int(11) NOT NULL AUTO_INCREMENT,
  `indikator_nama` text NOT NULL,
  `resume` int(11) NOT NULL,
  `id_grant` int(11) NOT NULL,
  PRIMARY KEY (`id_indikator`),
  KEY `id_grant` (`id_grant`),
  CONSTRAINT `grant_indikator_ibfk_1` FOREIGN KEY (`id_grant`) REFERENCES `grant` (`id_grant`)
) ENGINE=InnoDB DEFAULT CHARSET=latin1;

INSERT INTO `grant_indikator` (`id_indikator`, `indikator_nama`, `resume`, `id_grant`) VALUES
(36,	'<p>Environmental benefits include:</p>\r\n\r\n<ul>\r\n	<li>Reduction of GHG emissions from unplanned deforestation and forest fires. Initial estimates indicate that the project will generate annual green house gas emission reductions in excess of 1 million tonnes of CO2 equivalent.</li>\r\n	<li>Prevention of illegal logging of peat swamp forest</li>\r\n	<li>Protection of IUCN listed species including the critically endangered Sumatran Tiger.</li>\r\n	<li>Restoration and conservation of Sumatran peat swamp forest habitat and associated biodiversity.</li>\r\n	<li>Rehabilitation of peat swamp forest hydrology.</li>\r\n	<li>Maintenance of broader landscape around Sembilang National Park.</li>\r\n</ul>\r\n\r\n<p>Social benefits include: improvements to the welfare of at least 2 villages, approximately 5,000 inhabitants through increased economic opportunities and enhancement of local forest resources to improve basic needs. Effects directly attributable to the project will include:</p>\r\n\r\n<ul>\r\n	<li>Implementation of the principle of Free Prior and Informed Consent from local communities in relation to project activities.</li>\r\n	<li>Development & implementation of a community development road map.</li>\r\n	<li>Job creation to implement core project activities: forest stewardship; seedling production; replanting & forest rehabilitation; forest & carbon monitoring; and canal blocking.</li>\r\n	<li>Availability of micro finance and training to drive local business enterprise.</li>\r\n	<li>Procurement of local goods and services in support of project objectives.</li>\r\n</ul>\r\n',	100,	1),
(39,	'<p><strong>Lorem Ipsum</strong> adalah contoh teks atau dummy dalam industri percetakan dan penataan huruf atau typesetting. Lorem Ipsum telah menjadi standar contoh teks sejak tahun 1500an, saat seorang tukang cetak yang tidak dikenal mengambil sebuah kumpulan teks dan mengacaknya untuk menjadi sebuah buku contoh huruf. Ia tidak hanya bertahan selama 5 abad, tapi juga telah beralih ke penataan huruf elektronik,</p>\r\n\r\n<ol>\r\n	<li>tanpa ada perubahan apapun. Ia mulai dipopulerkan pada tahun 1960 dengan diluncurkannya lembaran-lembaran</li>\r\n	<li>Letraset yang menggunakan kalimat-kalimat dari Lorem Ipsum, dan seiring munculnya perangkat lunak Desktop Publishing seperti Aldus PageMaker juga memiliki versi Lorem Ipsum.</li>\r\n</ol>\r\n',	100,	2);

DROP TABLE IF EXISTS `grant_kategori_kegiatan`;
CREATE TABLE `grant_kategori_kegiatan` (
  `id_kegiatan` int(11) NOT NULL AUTO_INCREMENT,
  `name` varchar(200) NOT NULL,
  PRIMARY KEY (`id_kegiatan`)
) ENGINE=InnoDB DEFAULT CHARSET=latin1;

INSERT INTO `grant_kategori_kegiatan` (`id_kegiatan`, `name`) VALUES
(1,	'Demonstration Project'),
(2,	'Capacity Building'),
(3,	'Applied Research/Policy Analysis'),
(4,	'Multistakeholder Forum'),
(5,	'REDD+ and Carbon Sequestration');

DROP TABLE IF EXISTS `grant_kegiatan_dana`;
CREATE TABLE `grant_kegiatan_dana` (
  `id_kegiatan_dana` int(11) NOT NULL AUTO_INCREMENT,
  `kegiatan_dana_jenis` text NOT NULL,
  `resume` int(1) NOT NULL,
  `id_grant` int(11) NOT NULL,
  `status` int(11) NOT NULL,
  PRIMARY KEY (`id_kegiatan_dana`),
  UNIQUE KEY `id_grant` (`id_grant`),
  CONSTRAINT `grant_kegiatan_dana_ibfk_1` FOREIGN KEY (`id_grant`) REFERENCES `grant` (`id_grant`)
) ENGINE=InnoDB DEFAULT CHARSET=latin1;

INSERT INTO `grant_kegiatan_dana` (`id_kegiatan_dana`, `kegiatan_dana_jenis`, `resume`, `id_grant`, `status`) VALUES
(1,	'<p>Adaptation through:</p>\r\n\r\n<ol>\r\n	<li>Develop and improve the design of adaption strategies, utilizing appropriate technologies and knowledge.</li>\r\n	<li>Work with local government in addressing climate change adaptation and resilience by strengthening government programs and plans.</li>\r\n	<li>Capacity development and knowledge management platform of good adaptation practices for all stakeholders at national and local level.</li>\r\n</ol>\r\n',	100,	1,	0),
(2,	'<p>Sudah merupakan fakta bahwa seorang pembaca akan terpengaruh oleh isi tulisan dari sebuah halaman saat ia melihat tata letaknya. Maksud penggunaan Lorem Ipsum adalah karena ia kurang lebih memiliki penyebaran huruf yang normal, ketimbang menggunakan kalimat seperti &quot;Bagian isi disini, bagian isi disini&quot;, sehingga</p>\r\n',	100,	2,	0);

DROP TABLE IF EXISTS `grant_kegiatan_dana_lanjut`;
CREATE TABLE `grant_kegiatan_dana_lanjut` (
  `id` int(11) NOT NULL AUTO_INCREMENT,
  `id_kegiatan_dana` int(11) NOT NULL,
  `nama` varchar(100) NOT NULL,
  `jumlah` int(11) NOT NULL,
  PRIMARY KEY (`id`),
  KEY `id_kegiatan_dana` (`id_kegiatan_dana`),
  CONSTRAINT `grant_kegiatan_dana_lanjut_ibfk_1` FOREIGN KEY (`id_kegiatan_dana`) REFERENCES `grant_kegiatan_dana` (`id_kegiatan_dana`)
) ENGINE=InnoDB DEFAULT CHARSET=latin1;

INSERT INTO `grant_kegiatan_dana_lanjut` (`id`, `id_kegiatan_dana`, `nama`, `jumlah`) VALUES
(60,	1,	'Prevention of Illegal Logging Activities',	1308000000),
(61,	1,	'Prevention of Forest and Peatland Fires Activities',	1420000000),
(62,	1,	'Development of Feasibility Studies and Project Design Document for REDD+ Certification',	2147483647),
(63,	1,	'Project Management and Financial Oversight',	507800000),
(72,	2,	'Lorem Ipsum adalah contoh teks atau dummy',	200000000),
(73,	2,	'Lorem Ipsum adalah contoh teks atau dummy',	200000000);

DROP TABLE IF EXISTS `grant_portofolio`;
CREATE TABLE `grant_portofolio` (
  `id_portofolio` int(11) NOT NULL AUTO_INCREMENT,
  `portofolio_project` varchar(225) NOT NULL,
  `portofolio_dana` varchar(225) NOT NULL,
  `portofolio_sumber` varchar(225) NOT NULL,
  `portofolio_periode` varchar(225) NOT NULL,
  `portofolio_durasi` varchar(225) NOT NULL,
  `id_grant` int(11) NOT NULL,
  PRIMARY KEY (`id_portofolio`),
  KEY `id_grant` (`id_grant`),
  CONSTRAINT `grant_portofolio_ibfk_1` FOREIGN KEY (`id_grant`) REFERENCES `grant` (`id_grant`)
) ENGINE=InnoDB DEFAULT CHARSET=latin1;

INSERT INTO `grant_portofolio` (`id_portofolio`, `portofolio_project`, `portofolio_dana`, `portofolio_sumber`, `portofolio_periode`, `portofolio_durasi`, `id_grant`) VALUES
(70,	'OK',	'10000000',	'oOK',	'okO',	'oko',	2),
(71,	'DISKUSI',	'200000000',	'DIKTI',	'1990-2002',	'12',	1),
(72,	'ok',	'20000',	'ok',	'1900',	'1',	1),
(73,	'Component Base Bootstreap',	'20000',	'DIKTI',	'2008',	'1',	1);

DROP TABLE IF EXISTS `grant_proyek`;
CREATE TABLE `grant_proyek` (
  `id_proyek` int(11) NOT NULL AUTO_INCREMENT,
  `id_grant` int(11) NOT NULL,
  `proyek_judul` varchar(225) NOT NULL,
  `proyek_lansekap` varchar(225) NOT NULL,
  `proyek_provinsi` varchar(225) NOT NULL,
  `proyek_kota` varchar(225) NOT NULL,
  `proyek_kecamatan` varchar(225) NOT NULL,
  `proyek_desa` varchar(225) NOT NULL,
  `proyek_tgl_mulai` date NOT NULL,
  `proyek_durasi` int(11) NOT NULL,
  `proyek_manfaat` text NOT NULL,
  `proyek_luas_dampak` int(11) NOT NULL,
  `proyek_tematik_kegiatan` varchar(225) NOT NULL,
  `proyek_kategori_kegiatan` varchar(225) NOT NULL,
  `resume` int(11) NOT NULL,
  PRIMARY KEY (`id_proyek`),
  UNIQUE KEY `id_grant` (`id_grant`),
  CONSTRAINT `grant_proyek_ibfk_1` FOREIGN KEY (`id_grant`) REFERENCES `grant` (`id_grant`)
) ENGINE=InnoDB DEFAULT CHARSET=latin1;

INSERT INTO `grant_proyek` (`id_proyek`, `id_grant`, `proyek_judul`, `proyek_lansekap`, `proyek_provinsi`, `proyek_kota`, `proyek_kecamatan`, `proyek_desa`, `proyek_tgl_mulai`, `proyek_durasi`, `proyek_manfaat`, `proyek_luas_dampak`, `proyek_tematik_kegiatan`, `proyek_kategori_kegiatan`, `resume`) VALUES
(1,	1,	'Prevention of Forest and Peatland Fires and Illegal Logging in the Merang Peat Dome',	'Sembilang',	'Jawa Barat',	'Majalengka',	'Talaga',	'Campaga',	'1998-04-04',	2,	'<ol>\r\n	<li>Communities at least in villages</li>\r\n	<li>KPHP Lalan</li>\r\n	<li>Pemerintah Kabupaten &amp; Provincial level government</li>\r\n	<li>Kantor TN Sembilang</li>\r\n</ol>\r\n',	20,	'',	'',	100),
(2,	2,	'jQuery Ajax Post Data Example',	'Update software	',	'Jawa Barat',	'Cimaho',	'Tnajung',	'Cisolong',	'0000-00-00',	33,	'<p>jQuery $.post() method is&nbsp;used to request data from a webpage and to display&nbsp;the returned result (sent from&nbsp;requested page)</p>\r\n\r\n<ol>\r\n	<li>on to that webpage from where the</li>\r\n	<li>request has been sent without page refresh.</li>\r\n</ol>\r\n',	22,	'',	'',	100);

DROP TABLE IF EXISTS `grant_proyek_kategori_kegiatan`;
CREATE TABLE `grant_proyek_kategori_kegiatan` (
  `id` int(11) NOT NULL AUTO_INCREMENT,
  `id_grant_proyek` int(11) NOT NULL,
  `id_kegiatan` int(11) NOT NULL,
  PRIMARY KEY (`id`),
  KEY `id_grant_proyek` (`id_grant_proyek`),
  CONSTRAINT `grant_proyek_kategori_kegiatan_ibfk_1` FOREIGN KEY (`id_grant_proyek`) REFERENCES `grant_proyek` (`id_proyek`)
) ENGINE=InnoDB DEFAULT CHARSET=latin1;

INSERT INTO `grant_proyek_kategori_kegiatan` (`id`, `id_grant_proyek`, `id_kegiatan`) VALUES
(62,	1,	1),
(63,	1,	2),
(64,	1,	3),
(65,	1,	5),
(69,	2,	2);

DROP TABLE IF EXISTS `grant_proyek_tematik_kegiatan`;
CREATE TABLE `grant_proyek_tematik_kegiatan` (
  `id` int(11) NOT NULL AUTO_INCREMENT,
  `id_grant_proyek` int(11) NOT NULL,
  `id_tematik` int(11) NOT NULL,
  PRIMARY KEY (`id`),
  KEY `id_grant_proyek` (`id_grant_proyek`),
  CONSTRAINT `grant_proyek_tematik_kegiatan_ibfk_1` FOREIGN KEY (`id_grant_proyek`) REFERENCES `grant_proyek` (`id_proyek`)
) ENGINE=InnoDB DEFAULT CHARSET=latin1;

INSERT INTO `grant_proyek_tematik_kegiatan` (`id`, `id_grant_proyek`, `id_tematik`) VALUES
(104,	1,	1),
(105,	1,	2),
(106,	1,	3),
(107,	1,	4),
(108,	1,	5),
(109,	1,	6),
(110,	1,	7),
(117,	2,	1),
(118,	2,	2);

DROP TABLE IF EXISTS `grant_risalah`;
CREATE TABLE `grant_risalah` (
  `id_risalah` int(11) NOT NULL AUTO_INCREMENT,
  `risalah_latar_belakang` text NOT NULL,
  `risalah_tujuan` text NOT NULL,
  `risalah_perubahan` text NOT NULL,
  `risalah_metode` text NOT NULL,
  `resume` int(11) NOT NULL,
  `id_grant` int(11) NOT NULL,
  `status` int(11) NOT NULL,
  PRIMARY KEY (`id_risalah`),
  KEY `id_grant` (`id_grant`),
  CONSTRAINT `grant_risalah_ibfk_1` FOREIGN KEY (`id_grant`) REFERENCES `grant` (`id_grant`)
) ENGINE=InnoDB DEFAULT CHARSET=latin1;

INSERT INTO `grant_risalah` (`id_risalah`, `risalah_latar_belakang`, `risalah_tujuan`, `risalah_perubahan`, `risalah_metode`, `resume`, `id_grant`, `status`) VALUES
(1,	'<p>In 2013 PT. Global Alam Lestari (GAL) secured a carbon storage / sequestration license (Izin Usaha Pemanfaatan PAN-RAP Karbon) over the 22,280 ha project area of degraded peat swamp forest located in Merang, South Sumatra. Once the project secures VCS validation and verification it will be the first commercial REDD+ project of its kind operating in Indonesia.</p>\r\n\r\n<p>The Merang REDD+ project is a carbon sequestration/storage project initiated in 2008 as a REDD+ demonstration activity between the governments of Germany and Indonesia. The site is a 22,280 ha area of peat swamp forest located in the center of the Merang peat dome in South Sumatra Province, Indonesia. In 2013 PT. Global Alam Lestari (GAL) secured a carbon storage / sequestration license (Izin Usaha Pemanfaatan PAN-RAP Karbon) for the site.</p>\r\n\r\n<p>Once the project secures VCS validation and verification it will be the first commercial REDD+ project of its kind operating in Indonesia. GAL&rsquo;s vision is to secure both Verified Carbon Standard (VCS) and Climate, Community &amp; Biodiversity Standard (CCBS) certification within a 24-month period, while also evaluating future opportunities to expand the project&rsquo;s influence to surrounding areas within the 134,000 ha Merang peat dome. Building on the foundations established by the GIZ between 2008 and 2011, the Project will conserve and restore this important peatland forest area and its endemic biodiversity through active collaboration with local communities.</p>\r\n\r\n<p>Initial estimates indicate that the project will generate annual green house gas emission reductions in excess of 1 million tonnes of CO2 equivalent. eForest and Forest Carbon (the Consortium) recently signed a Memorandum of Understanding with GAL appointing the Consortium as the project&rsquo;s Carbon Developer. The Consortium is now seeking financial support over a 36 month period to bring the Project to market and realize the benefits to both local communities and the site&rsquo;s biodiversity.</p>\r\n',	'<p>Lorem Ipsum is simply dummy text of the printing and typesetting industry. Lorem Ipsum has been the industry&#39;s standard dummy text ever since the 1500s</p>\r\n',	'<p>Lorem Ipsum is simply dummy text of the printing and typesetting industry. Lorem Ipsum has been the industry&#39;s standard dummy text ever since the 1500s</p>\r\n',	'<ol>\r\n	<li>Maintenance of the IUP-PAN RAP Karbon license</li>\r\n	<li>Government relations &amp; administrative reporting</li>\r\n</ol>\r\n',	100,	1,	0),
(2,	'<p><strong>Lorem Ipsum</strong>&nbsp;adalah contoh teks atau dummy dalam industri percetakan dan penataan huruf atau typesetting. Lorem Ipsum telah menjadi standar contoh teks sejak tahun 1500an, saat seorang tukang cetak yang tidak dikenal mengambil sebuah kumpulan teks dan mengacaknya untuk menjadi sebuah buku contoh huruf. Ia tidak hanya bertahan selama 5 abad,</p>\r\n\r\n<p>tapi juga telah beralih ke penataan huruf elektronik, tanpa ada perubahan apapun. Ia mulai dipopulerkan pada tahun 1960 dengan diluncurkannya lembaran-lembaran Letraset yang menggunakan kalimat-kalimat dari Lorem Ipsum, dan seiring munculnya perangkat lunak Desktop Publishing seperti Aldus PageMaker juga memiliki versi Lorem Ipsum.</p>\r\n',	'<ol>\r\n	<li><strong>Lorem Ipsum</strong>&nbsp;adalah contoh teks atau dummy dalam industri percetakan dan penataan huruf atau typesetting.</li>\r\n	<li>Lorem Ipsum telah menjadi standar contoh teks sejak tahun 1500an, saat seorang tukang cetak yang tidak dikenal mengambil</li>\r\n	<li>sebuah kumpulan teks dan mengacaknya untuk menjadi sebuah buku contoh huruf. Ia tidak hanya bertahan selama</li>\r\n</ol>\r\n',	'<p><strong>Lorem Ipsum</strong>&nbsp;adalah contoh teks atau dummy dalam industri percetakan dan penataan huruf atau typesetting.</p>\r\n',	'<ol>\r\n	<li>saat seorang tukang cetak yang tidak dikenal mengambil sebuah kumpulan teks dan mengacaknya untuk menjadi sebuah buku contoh huruf. Ia tidak hanya bertahan selama 5 abad,</li>\r\n	<li>tapi juga telah beralih ke penataan huruf elektronik, tanpa ada perubahan apapun. Ia mulai dipopulerkan pada tahun 1960 dengan diluncurkannya lembaran-lembaran Letraset yang menggunakan kalimat-kalimat dari Lorem Ipsum, dan seiring munculnya perangkat lunak Desktop Publishing seperti Aldus PageMaker juga memiliki versi Lorem Ipsum.</li>\r\n</ol>\r\n',	100,	2,	0);

DROP TABLE IF EXISTS `grant_status`;
CREATE TABLE `grant_status` (
  `id_status` int(11) NOT NULL AUTO_INCREMENT,
  `status` varchar(20) DEFAULT NULL,
  PRIMARY KEY (`id_status`)
) ENGINE=InnoDB DEFAULT CHARSET=latin1;

INSERT INTO `grant_status` (`id_status`, `status`) VALUES
(1,	'Rejected'),
(2,	'Need Refinement'),
(3,	'On Review Committee'),
(4,	'Granted'),
(5,	'On Review Internal');

DROP TABLE IF EXISTS `grant_tasks`;
CREATE TABLE `grant_tasks` (
  `t_id` int(11) NOT NULL AUTO_INCREMENT,
  `t_type` int(11) DEFAULT NULL,
  `t_grant` int(11) DEFAULT NULL,
  `t_user` int(11) DEFAULT NULL,
  `t_date` datetime DEFAULT NULL,
  `t_read` int(1) DEFAULT '0',
  `t_tanggapan` text,
  PRIMARY KEY (`t_id`),
  KEY `t_type` (`t_type`),
  KEY `t_link` (`t_grant`),
  KEY `t_user` (`t_user`),
  CONSTRAINT `grant_tasks_ibfk_1` FOREIGN KEY (`t_type`) REFERENCES `grant_status` (`id_status`),
  CONSTRAINT `grant_tasks_ibfk_2` FOREIGN KEY (`t_grant`) REFERENCES `grant` (`id_grant`),
  CONSTRAINT `grant_tasks_ibfk_3` FOREIGN KEY (`t_user`) REFERENCES `sf_guard_user` (`id`)
) ENGINE=InnoDB DEFAULT CHARSET=utf8;

INSERT INTO `grant_tasks` (`t_id`, `t_type`, `t_grant`, `t_user`, `t_date`, `t_read`, `t_tanggapan`) VALUES
(1,	5,	1,	12,	'2017-09-11 00:00:00',	0,	'<p>Reduction of GHG emissions from unplanned deforestation and forest fires.</p>\r\n'),
(3,	5,	2,	12,	'2017-12-04 03:51:52',	0,	'');

DROP TABLE IF EXISTS `grant_tematik_kegiatan`;
CREATE TABLE `grant_tematik_kegiatan` (
  `id_tematik` int(11) NOT NULL AUTO_INCREMENT,
  `name` varchar(100) NOT NULL,
  PRIMARY KEY (`id_tematik`)
) ENGINE=InnoDB DEFAULT CHARSET=latin1;

INSERT INTO `grant_tematik_kegiatan` (`id_tematik`, `name`) VALUES
(1,	'Perlindungan'),
(2,	'Restorasi'),
(3,	'Pencegahan Karhutla'),
(4,	'Applied Research/Policy Analysis'),
(5,	'Penegakan Hukum'),
(6,	'Alternative Livelihood'),
(7,	'Manajemen Konflik'),
(8,	'Tata Kelola');

DROP TABLE IF EXISTS `incidental`;
CREATE TABLE `incidental` (
  `id_incidental` varchar(255) NOT NULL,
  `content_text_id` text NOT NULL,
  `content_text_en` text NOT NULL,
  `image_icon` varchar(255) NOT NULL,
  `link` varchar(255) NOT NULL,
  `back_color` varchar(10) NOT NULL,
  `font_color` varchar(10) NOT NULL,
  `aktif` tinyint(1) DEFAULT NULL,
  PRIMARY KEY (`id_incidental`)
) ENGINE=InnoDB DEFAULT CHARSET=latin1;

INSERT INTO `incidental` (`id_incidental`, `content_text_id`, `content_text_en`, `image_icon`, `link`, `back_color`, `font_color`, `aktif`) VALUES
('0629cf58a167709a3610470dbe3ea115',	'PMB Alih Jenis 2014',	'PMB Alih Jenis 2014',	'',	'http://alihjenis.ipb.ac.id',	'',	'',	0),
('0db633b11407e08fcd6883c693bd19e2',	'Panduan BOPTN',	'BOPTN Guidance',	'',	'http://www.ipb.ac.id/uploads/media_items/panduan-boptn-2014.original.pdf',	'',	'',	0),
('13576aaca357e1ae54aeb4300d34128e',	'Buku Profil IPB 2011',	'IPB Profile Book 2011',	'',	'http://iirc.ipb.ac.id/jspui/handle/123456789/43258',	'',	'',	0),
('14c74c7f8055ea9c29871b274751a098',	'Penerimaan Mahasiswa Baru 2015',	'Student Admission 2015',	'',	'http://admisi.ipb.ac.id',	'',	'',	1),
('15df0eb5da93c0dff608caee09ec07fc',	'Periode KRS ONLINE',	'KRS ONLINE B',	'',	'http://www.ipb.ac.id/uploads/media_items/pengumuman-spp-semester-ganjil-tahun-akademik-2013-2014.original.pdf',	'',	'',	0),
('164e82c23b227248fe21191a97f94570',	'EPBM Online 2015',	'EPBM Online 2015',	'',	'https://epbm.ipb.ac.id',	'',	'',	1),
('38d58974bdbe4ea4b262f9a210c0aad9',	'KRS Online',	'KRS Online',	'',	'http://announcement.ipb.ac.id/pengumuman/en/d6e9cedc0be98f59e10e302916360f14/pelayanan-registrasi-ulang-krs-dan-pembayaran-spp-semester-ganjil-2012-2013.html',	'',	'',	0),
('40b11808549696ea1c1201db06ee6326',	'SBMPTN 2015',	'SBMPTN 2015',	'',	'http://sbmptn.or.id',	'',	'',	1),
('4a59df8897a3f52dd48245aa6ca25e2a',	'Calon Anggota MWA IPB Masa Transisi 2012-2013',	'Calon Anggota MWA IPB Masa Transisi 2012-2013',	'',	'http://ipb.ac.id/offices-and-services/mwa/calonmwatransisi2012',	'',	'',	0),
('73dbc72420b3153a4d47bdd628c922f7',	'Pembayaran SPP',	'Tuitions (SPP)',	'',	'http://spp.ipb.ac.id',	'',	'',	0),
('94020514ce182d062dc3d2b1c2674580',	'Mini Expo Sidang Terbuka dalam rangka Dies Natalies IPB',	'Mini Expo Sidang Terbuka dalam rangka Dies Natalies IPB',	'',	'http://kms.ipb.ac.id/id/eprint/1754',	'',	'',	0),
('bb75eb2fd23e3da6b71adfd13d954960',	'Form EPBM Sarjana ',	'Form EPBM Sarjana ',	'',	'http://epbm.ipb.ac.id',	'',	'',	0),
('bd13487728c96b07baac1d4902ecb4f8',	'Pemilihan Rektor IPB 2012-2017',	'Pemilihan Rektor IPB 2012-2017',	'',	'http://ppr.ipb.ac.id',	'',	'',	0),
('cfb7b28a4e4d0e7d0a5b1422a66c6419',	'Survei Kepuasan Mahasiswa',	'Student Satisfaction Survey',	'',	'http://research.qsnetwork.com/surveys/index.php?survey=5&uni=718&lang=en',	'',	'',	0),
('dsdfss353fdd',	'Link untuk Google',	'Link for Google',	'b',	'http://www.google.com',	'b',	'b',	0),
('f83bd5ff6817d166a8d750983cd56630',	'PMB Pascasarjana 2014',	'Enrollment for Graduate 2014',	'',	'http://pmbpasca.ipb.ac.id',	'',	'',	0),
('sasdadafaas3242fsfs',	'Web IPB Lama',	'IPB Old Website',	'a',	'http://ipb.ac.id',	'a',	'a',	0);

DROP TABLE IF EXISTS `menulinks`;
CREATE TABLE `menulinks` (
  `id_links` int(255) NOT NULL AUTO_INCREMENT,
  `nama_links_id` varchar(255) DEFAULT NULL,
  `nama_links_en` varchar(255) NOT NULL,
  `links` varchar(255) DEFAULT NULL,
  `image` varchar(100) DEFAULT NULL,
  `urutan` int(11) NOT NULL,
  PRIMARY KEY (`id_links`)
) ENGINE=InnoDB DEFAULT CHARSET=latin1;

INSERT INTO `menulinks` (`id_links`, `nama_links_id`, `nama_links_en`, `links`, `image`, `urutan`) VALUES
(1,	'Jurnal Ilmiah Elektronik',	'Electronic Journal',	'http://journal.ipb.ac.id/',	'',	12),
(2,	'IPB Information Resource Center',	'IPB Information Resource Center',	'http://kms.ipb.ac.id',	'',	13),
(5,	'Perpustakaan',	'Library',	'http://perpustakaan.ipb.ac.id/',	'',	10),
(8,	'Webmail Staff',	'Staff Webmail',	'http://mail.ipb.ac.id',	'',	16),
(9,	'IPB on Google Cloud Application',	'IPB on Google Cloud Application',	'http://apps.ipb.ac.id/',	'',	18),
(10,	'Blog Staff',	'Staff Blog ',	'http://staff.ipb.ac.id/',	'',	17),
(11,	'Blog Mahasiswa',	'Student Blog ',	'http://student.ipb.ac.id/',	'',	19),
(13,	'Database Penelitian',	'Research Database',	'http://lppm.ipb.ac.id',	'',	11),
(16,	'Info Lelang',	'Procurements',	'http://procurement.ipb.ac.id/home/i18n/culture/id',	'',	4),
(19,	'Produk Hukum IPB',	'Law Regulations',	'http://law.ipb.ac.id',	'',	1),
(22,	'Sistem Manajemen Agenda Pimpinan',	'Executive Board Agenda Management System',	'http://smap.ipb.ac.id',	'',	24),
(23,	'Agenda Dies Natalis ke-50',	'IPB Dies Natalis 50th',	'http://diesnatalis.ipb.ac.id/',	'',	23),
(24,	'IPB@Facebook',	'IPB@Facebook',	'http://www.facebook.com/BogorAgriculturalUniversity',	'fb.png',	20),
(25,	'IPB@Twitter',	'IPB@Twitter',	'https://twitter.com/ipbofficial',	'tweet.png',	21),
(28,	'Portal Aplikasi & Sistem Informasi IPB',	'IPB Application and Information System  Portal',	'http://sim.ipb.ac.id',	'',	2),
(29,	'I-MHERE IPB',	'IPB I-MHERE',	'http://imhere.ipb.ac.id',	'',	3),
(30,	'Repositori Ilmiah ',	'Scientific Repository ',	'http://repository.ipb.ac.id/',	'',	14),
(31,	'Direktorat Pengembangan Karir dan Hubungan Alumni ',	'Career Development and Alumni Affairs ',	'http://cda.ipb.ac.id',	'',	5),
(32,	'Layanan E-Learning',	'eLearning Services',	'http://p3el.ipb.ac.id/',	'',	6),
(34,	'Kemahasiswaan',	'Student Affairs',	'http://kemahasiswaan.ipb.ac.id',	'',	8),
(35,	'IPB Magazine',	'IPB Magazine',	'http://ipbmag.ipb.ac.id/',	'',	15),
(36,	'IPB Green TV',	'IPB Green TV',	'http://greentv.ipb.ac.id/',	'',	9),
(37,	'Produk Senat Akademik',	'Boards of Academic Product',	'http://sa.ipb.ac.id/',	'',	7),
(39,	'Sistem Manajemen Kinerja (SIMAKER)',	'Sistem Manajemen Kinerja (SIMAKER)',	'http://simaker.ipb.ac.id',	'',	0),
(40,	'IPB @ Youtube',	'IPB @ Youtube',	'http://www.youtube.com/mediaipb',	'',	22);

DROP TABLE IF EXISTS `page_home`;
CREATE TABLE `page_home` (
  `id` int(11) NOT NULL AUTO_INCREMENT,
  `section_3_judul_ID` varchar(255) NOT NULL,
  `section_3_judul_EN` varchar(255) NOT NULL,
  `section_3_deskripsi_ID` text NOT NULL,
  `section_3_deskripsi_EN` text NOT NULL,
  `section_3_video` varchar(255) NOT NULL,
  `section_4_judul_ID` varchar(255) NOT NULL,
  `section_4_judul_EN` varchar(255) NOT NULL,
  `section_4_deskripsi_ID` text NOT NULL,
  `section_4_deskripsi_EN` text NOT NULL,
  `section_5_judul_ID` varchar(255) NOT NULL,
  `section_5_judul_EN` varchar(255) NOT NULL,
  `section_5_deskripsi_ID` text NOT NULL,
  `section_5_deskripsi_EN` text NOT NULL,
  `section_5_image` varchar(255) NOT NULL,
  `distribution_maps` varchar(255) NOT NULL,
  PRIMARY KEY (`id`)
) ENGINE=InnoDB DEFAULT CHARSET=latin1;

INSERT INTO `page_home` (`id`, `section_3_judul_ID`, `section_3_judul_EN`, `section_3_deskripsi_ID`, `section_3_deskripsi_EN`, `section_3_video`, `section_4_judul_ID`, `section_4_judul_EN`, `section_4_deskripsi_ID`, `section_4_deskripsi_EN`, `section_5_judul_ID`, `section_5_judul_EN`, `section_5_deskripsi_ID`, `section_5_deskripsi_EN`, `section_5_image`, `distribution_maps`) VALUES
(1000,	'Get to know us better.',	'Get to know us better',	'<p>Belantara is an Indonesia grant-making institution. That aims to contribute to the protection and restoration of forests while improving the livelihoods of local communities in the 10 grant distribution areas across 5 province.It takes its name from the Indonesian word &lsquo;Belantara&rsquo; which means wilderness or pristine forest. Belantara primary focus is to allocate grants to support restoration, protection, conservation of endangered species (speci cally Sumatran Tiger, Sumatran Elephant, as well as Sumatran and Bornean Orangutan), Institutional development, and community development and empowerment initiatives in Conservation Area, Production Forest, Protection Forest, and Social Forestry on the ten specified grant distribution areas across five provinces on the islands of Sumatra and Kalimantan (Indonesian Borneo).</p>\r\n',	'<p>Belantara is an Indonesia grant-making institution. That aims to contribute to the protection and restoration of forests while improving the livelihoods of local communities in the 10 grant distribution areas across 5 province.It takes its name from the Indonesian word &lsquo;Belantara&rsquo; which means wilderness or pristine forest. Belantara primary focus is to allocate grants to support restoration, protection, conservation of endangered species (speci cally Sumatran Tiger, Sumatran Elephant, as well as Sumatran and Bornean Orangutan), Institutional development, and community development and empowerment initiatives in Conservation Area, Production Forest, Protection Forest, and Social Forestry on the ten specified grant distribution areas across five provinces on the islands of Sumatra and Kalimantan (Indonesian Borneo).</p>\r\n',	'http://demo.belantara.or.id/video/home.mp4',	'We Have More Stories For You to Know',	'We Have More Stories For You to Know',	'Belantara Foundation believes that a sustainable landscape approach must incorporate a harmony of principles that not only protect the livelihoods of the people, particularly at a grassroots level, but also see to a value added protection of natural resources and biodiversity long into the future.',	'Belantara Foundation believes that a sustainable landscape approach must incorporate a harmony of principles that not only protect the livelihoods of the people, particularly at a grassroots level, but also see to a value added protection of natural resources and biodiversity long into the future.',	'MULTISTAKHOLDER APPROACH : CONNECTING THE PIECES',	'MULTISTAKHOLDER APPROACH : CONNECTING THE PIECES',	'Belantara align conservation activities carried out by multiple stakeholders and ensure these initiatives support an environmentally, socially, culturally, and economically sustainable landscape.',	'Belantara align conservation activities carried out by multiple stakeholders and ensure these initiatives support an environmentally, socially, culturally, and economically sustainable landscape.',	'n-a-home6.jpg',	'n-a-home2.png');

DROP TABLE IF EXISTS `page_ini`;
CREATE TABLE `page_ini` (
  `id` int(11) NOT NULL AUTO_INCREMENT,
  `title_EN` varchar(225) NOT NULL,
  `title_ID` varchar(225) NOT NULL,
  `keyword_EN` varchar(225) NOT NULL,
  `keyword_ID` varchar(225) NOT NULL,
  `content_EN` varchar(225) NOT NULL,
  `content_ID` varchar(225) NOT NULL,
  `waktu` datetime NOT NULL,
  `widget` enum('0','1') NOT NULL,
  `widget_content` varchar(225) NOT NULL,
  `url` varchar(225) NOT NULL,
  `controller` varchar(64) NOT NULL,
  `other_EN` text NOT NULL,
  `other_ID` text NOT NULL,
  PRIMARY KEY (`id`),
  KEY `url` (`url`)
) ENGINE=InnoDB DEFAULT CHARSET=latin1;

INSERT INTO `page_ini` (`id`, `title_EN`, `title_ID`, `keyword_EN`, `keyword_ID`, `content_EN`, `content_ID`, `waktu`, `widget`, `widget_content`, `url`, `controller`, `other_EN`, `other_ID`) VALUES
(1,	'about',	'tentang',	'about, tentang, belantara, profile',	'about, tentang, belantara, profile',	'',	'',	'2017-11-30 02:42:32',	'1',	'4-3-5-6-7-8-9-10',	'about-us',	'home/aboutus',	'',	''),
(4,	'our program',	'our program',	'program',	'program',	'',	'',	'2017-11-30 09:28:23',	'1',	'20-21-22-23-24-25-26-27-28-29-30-31-32-33-34-35',	'our-program',	'home/program',	'',	''),
(5,	'grant distribution area',	'grant distribution area',	'grant distribution area',	'grant distribution area',	'',	'',	'2017-11-21 04:23:52',	'1',	'12-13-14',	'grant-distribution-area',	'home/grantarea',	'',	''),
(6,	'our approach',	'our approach',	'our approach',	'our approach',	'',	'',	'2017-11-21 04:24:06',	'1',	'15-16-17-18-19',	'our-approach',	'home/approach',	'',	''),
(7,	'Contact',	'Kontak Kami',	'Contact',	'Contact',	'Lorem ipsum dolor sit amet, consectetur adipiscing elit. Suspendisse condimentum porttitor cursus. Duis nec nulla turpis. Nulla lacinia laoreet odio, non lacinia nisl malesuada vel. Aenean malesuada fermentum bibendum.\r\n\r\nLor',	'Lorem ipsum dolor sit amet, consectetur adipiscing elit. Suspendisse condimentum porttitor cursus. Duis nec nulla turpis. Nulla lacinia laoreet odio, non lacinia nisl malesuada vel. Aenean malesuada fermentum bibendum.\r\n\r\nLor',	'2017-11-30 10:26:06',	'1',	'37',	'contact-us',	'home/contact',	'Lorem ipsum dolor sit amet, consectetur adipiscing elit. Suspendisse condimentum porttitor cursus. Duis nec nulla turpis. Nulla lacinia laoreet odio, non lacinia nisl malesuada vel. Aenean malesuada fermentum bibendum.\r\n\r\nLor',	'Lorem ipsum dolor sit amet, consectetur adipiscing elit. Suspendisse condimentum porttitor cursus. Duis nec nulla turpis. Nulla lacinia laoreet odio, non lacinia nisl malesuada vel. Aenean malesuada fermentum bibendum.\r\n\r\nLor');

DROP TABLE IF EXISTS `pengaturan_sistem`;
CREATE TABLE `pengaturan_sistem` (
  `id` tinyint(4) NOT NULL AUTO_INCREMENT,
  `nama` varchar(225) NOT NULL,
  `nilai` varchar(225) NOT NULL,
  PRIMARY KEY (`id`)
) ENGINE=InnoDB DEFAULT CHARSET=latin1;

INSERT INTO `pengaturan_sistem` (`id`, `nama`, `nilai`) VALUES
(1,	'longitude',	'-6.1928022'),
(2,	'latitude',	'106.8289236');

DROP TABLE IF EXISTS `pengumuman`;
CREATE TABLE `pengumuman` (
  `id` varchar(255) NOT NULL,
  `id_pengumuman` varchar(255) NOT NULL,
  `id_bahasa` varchar(255) NOT NULL,
  `waktu` datetime NOT NULL,
  `berakhir` datetime NOT NULL,
  `judul` varchar(255) NOT NULL,
  `ringkasan` text NOT NULL,
  `isi` text NOT NULL,
  `image` varchar(255) DEFAULT NULL,
  `condolence_greetings` tinyint(1) NOT NULL,
  PRIMARY KEY (`id`)
) ENGINE=InnoDB DEFAULT CHARSET=latin1;


DROP TABLE IF EXISTS `pengumuman_ipb_lama`;
CREATE TABLE `pengumuman_ipb_lama` (
  `id` int(11) NOT NULL AUTO_INCREMENT,
  `waktu` datetime NOT NULL DEFAULT '0000-00-00 00:00:00',
  `berakhir` datetime NOT NULL DEFAULT '0000-00-00 00:00:00',
  `judul` varchar(200) NOT NULL DEFAULT '',
  `isi` text NOT NULL,
  PRIMARY KEY (`id`)
) ENGINE=InnoDB DEFAULT CHARSET=latin1;

INSERT INTO `pengumuman_ipb_lama` (`id`, `waktu`, `berakhir`, `judul`, `isi`) VALUES
(2,	'2007-04-19 13:06:45',	'2007-04-28 00:00:00',	'Informasi Nilai dan KRS Mahasiswa S1 IPB',	''),
(3,	'2007-04-19 13:10:39',	'2007-04-01 00:00:00',	'KRS dan SPP (BPMP dan BPMK) Mahasiswa S1 Angkatan Masuk Tahun 2005/2006',	''),
(9,	'2007-05-02 12:04:47',	'2007-06-12 00:00:00',	'Upacara Wisuda dan Penganugerahan Ijazah Tahap III Tahun Akademik 2006/ 2007',	''),
(10,	'2007-05-04 15:25:18',	'2007-05-06 00:00:00',	'Email IPB Bermasalah',	''),
(11,	'2007-05-05 13:35:16',	'2007-06-08 00:00:00',	'Lowongan Co-Admin Jaringan Komputer IPB',	''),
(12,	'2007-05-09 10:12:39',	'2007-06-30 00:00:00',	'Hasil USMI 2007',	''),
(13,	'2007-06-13 14:35:17',	'2007-06-30 00:00:00',	'Jadwal UAS Semester Genap 2006/2007 <img src=\"{TPLPATH}/images/new.gif\"  alt=\"\" />',	''),
(15,	'2007-06-29 13:40:42',	'2007-08-20 00:00:00',	'KRS dan SPP S1 Phasing Out dan Diploma',	''),
(16,	'2007-06-29 14:19:15',	'2007-09-01 00:00:00',	'KRS dan SPP Mayor Minor Semester 3',	''),
(17,	'2007-06-29 14:39:25',	'2007-09-01 00:00:00',	'KRS dan SPP Mayor Minor Semester 5',	''),
(18,	'2007-07-13 14:56:59',	'2007-08-20 00:00:00',	'PENGUMUMAN RALAT SPP : Nomor :  251/I3/KU/2007',	''),
(19,	'2007-07-24 16:26:45',	'2007-08-31 00:00:00',	'Perbaikan VOIP /JTIT',	''),
(21,	'2007-08-03 12:20:46',	'2007-08-14 00:00:00',	'Registrasi Mahasiswa Baru - SPMB 2007/2008',	''),
(22,	'2007-08-16 14:51:59',	'2007-08-21 00:00:00',	'OMBAK2007 :: Orientasi Mahasiswa Baru Perikanan dan Ilmu Kelautan',	''),
(23,	'2007-08-25 00:51:43',	'2007-09-30 00:00:00',	'Jadwal dan Kelas TPB 2007',	''),
(24,	'2007-08-31 10:30:26',	'2007-09-08 00:00:00',	'Masa KRS-B',	''),
(25,	'2007-09-26 14:39:54',	'2007-10-05 00:00:00',	'Berita Acara Penetapan 21 Calon Rektor',	''),
(26,	'2007-10-01 11:37:42',	'2007-10-05 00:00:00',	'Sarana Penyampaian Saran dan Kritik PPR IPB',	''),
(27,	'2007-10-05 14:44:40',	'2007-10-22 00:00:00',	'Perubahan Cuti Bersama dan Hari Libur Nasional Idul Fitri 1428 H',	''),
(28,	'2007-10-10 22:06:46',	'2007-10-18 00:00:00',	'Layanan IPBnet Selama Libur Lebaran',	''),
(29,	'2007-10-11 23:37:31',	'2007-11-10 00:00:00',	'Jadwal UTS Ganjil 2007',	''),
(30,	'2007-11-01 11:07:04',	'2007-11-14 00:00:00',	'Wisuda I - Nopember 2007',	''),
(31,	'2007-11-13 15:29:08',	'2007-11-19 00:00:00',	'Pidato Rektor Acara Pelantikan Pejabat 13 November 2007',	''),
(33,	'2007-11-13 16:25:21',	'2007-11-15 00:00:00',	'TPS Pemilihan Rektor IPB 2007-2012',	''),
(34,	'2007-11-19 11:10:05',	'2007-11-23 00:00:00',	'Pengumuman Pemenang PIMAGRIN 20 Besar Agroindustry Days',	''),
(35,	'2007-11-22 10:27:04',	'2007-11-30 00:00:00',	'Penerimaan CPNS untuk tenaga Dosen sebanyak 5 orang',	''),
(36,	'2007-11-30 11:14:33',	'2007-12-07 00:00:00',	'Formulir dan Contoh Analisis Jabatan di IPB',	''),
(37,	'2007-12-03 12:10:51',	'2007-12-04 00:00:00',	'Internet Mati',	''),
(39,	'2008-01-04 14:41:43',	'2008-02-29 00:00:00',	'Wisuda Tahap II 2007/2008',	''),
(40,	'2008-01-07 11:28:26',	'2008-01-09 00:00:00',	'Acara Video Conference Coffee Morning with DGHE di IPB',	''),
(41,	'2008-01-07 15:28:14',	'2008-02-29 00:00:00',	'KRS dan SPP Mahasiswa Mayor Minor',	''),
(42,	'2008-01-07 15:37:00',	'2008-02-29 00:00:00',	'KRS dan SPP Mahasiswa S1',	''),
(43,	'2008-01-09 10:42:31',	'2008-01-14 00:00:00',	'Gangguan Internet',	''),
(44,	'2008-01-16 15:27:20',	'2008-02-01 00:00:00',	'Penerbitan  Buku Tabungan Mahasiswa (TABMA)',	''),
(45,	'2008-01-21 13:56:14',	'2008-04-01 00:00:00',	'SEARCA Research Scholarship',	''),
(46,	'2008-01-21 14:14:44',	'2008-07-30 00:00:00',	'SEARCA Graduate Scholarship',	''),
(47,	'2008-02-04 10:57:41',	'2008-02-29 00:00:00',	'Pidato Rektor',	''),
(48,	'2008-02-14 17:50:47',	'2008-02-23 00:00:00',	'Nilai TPB',	''),
(49,	'2008-02-21 14:00:02',	'2008-03-03 00:00:00',	'Pelayanan Perbaikan KRS (KRS B)',	''),
(50,	'2008-02-26 13:45:35',	'2008-03-16 00:00:00',	'Form Laporan Kegiatan Dosen Semester Gasal 2007/2008',	''),
(51,	'2008-02-29 09:52:17',	'2008-03-01 00:00:00',	'Gangguan Jaringan Internet IPB',	''),
(52,	'2008-03-05 11:19:03',	'2008-08-18 00:00:00',	'Undangan Pengajuan Proposal I-STEP 2008',	''),
(53,	'2008-04-07 15:01:55',	'2008-04-24 00:00:00',	'Hibah Penelitian',	''),
(54,	'2008-04-30 14:29:50',	'2008-06-11 00:00:00',	'Pengumuman Wisuda',	''),
(55,	'2008-04-30 15:12:39',	'2008-05-04 00:00:00',	'Open Recruitment Tahap 2 Penghuni Baru Asrama Sylvasari',	''),
(56,	'2008-04-30 16:58:49',	'2008-05-03 00:00:00',	'Peresmian Gedung Andi Hakim Nasoetion',	''),
(57,	'2008-05-01 11:49:33',	'2008-05-03 00:00:00',	'MAINTENANCE SERVER DAN INTERNET',	''),
(58,	'2008-05-08 09:40:21',	'2008-05-16 00:00:00',	'PEMENANG LOMBA WEBLOG DOSEN IPB',	''),
(59,	'2008-05-27 10:13:30',	'2008-06-06 00:00:00',	'PENGUMUMAN RENCANA PENGADAAN BARANG DAN JASA',	''),
(60,	'2008-06-06 10:27:59',	'2008-07-21 00:00:00',	'SOSIALISASI KMS [Knowledge Management System]',	''),
(61,	'2008-06-20 14:53:50',	'2008-09-22 00:00:00',	'PENGUMUMAN SPP UNTUK S1 PHASING OUT (PO)',	''),
(62,	'2008-06-20 15:05:20',	'2008-09-29 00:00:00',	'PENGUMUMAN SPP untuk MAYOR MINOR (MAMI)',	''),
(64,	'2008-07-23 10:33:06',	'2008-07-25 00:00:00',	'UNDANGAN TECHNICAL MEETING LOMBA SITUS WEB UNIT KERJA IPB',	''),
(65,	'2008-07-23 16:22:48',	'2008-08-01 00:00:00',	'PENGUMUMAN Kepada Mahasiswa Mayor Biologi Angkatan 44',	''),
(66,	'2008-07-26 13:33:15',	'2008-08-04 00:00:00',	'Masa Uji Coba KRS ONLINE',	''),
(67,	'2008-07-28 15:31:39',	'2008-08-05 00:00:00',	'Undangan Untuk Mahasiswa Mayor TEP 44',	''),
(68,	'2008-07-29 13:51:01',	'2008-08-02 00:00:00',	'PENGUMUMAN Untuk Mahasiswa Mayor Statistika Angkatan 44',	''),
(69,	'2008-07-31 14:31:23',	'2008-08-11 00:00:00',	'PENGUMUMAN Untuk Mahasiswa Fakultas Teknologi Pertanian Angkatan 44',	''),
(70,	'2008-08-13 11:02:10',	'2008-08-16 00:00:00',	'Pengumuman untuk Mahasiswa Dept Teknik Sipil dan Lingkungan',	''),
(71,	'2008-08-15 08:58:44',	'2008-08-18 00:00:00',	'Undangan Upacara HUT RI ke-63',	''),
(72,	'2008-08-22 13:57:54',	'2008-09-08 00:00:00',	'SAMBUTAN REKTOR RABUAN BERSAMA 20 AGUSTUS 2008',	''),
(73,	'2008-08-30 17:23:03',	'2008-09-05 00:00:00',	'Pelaksanaan KRS-B Mahasiswa Mayor Minor',	''),
(74,	'2008-09-15 13:26:00',	'2008-09-30 00:00:00',	'PENERIMAAN CALON PEGAWAI NEGERI SIPIL DI LINGKUNGAN INSTITUT PERTANIAN BOGOR 2008',	''),
(75,	'2008-09-18 15:16:14',	'2009-04-01 00:00:00',	'Draft  Rencana Strategis IPB 2008-2013',	''),
(76,	'2008-09-26 12:56:27',	'2008-10-17 00:00:00',	'AUTODEBET SPP Mahasiswa Reguler dan BUD',	''),
(77,	'2008-10-23 09:41:16',	'2008-10-31 00:00:00',	'Lowongan Pekerjaan sebagai Tenaga Pendamping Petani di Halmahera Selatan',	''),
(78,	'2008-11-04 09:43:30',	'2008-11-14 00:00:00',	'Pengumuman Hasil Seleksi Tahap I dan Jadwal Seleksi Tahap II CPNS IPB Jalur Umum',	''),
(79,	'2008-11-11 14:05:22',	'2008-11-17 00:00:00',	'Pengelolaan Mail Server',	''),
(80,	'2008-11-24 12:25:39',	'2008-12-31 00:00:00',	'HAYATI AWARD Presented by HAYATI Journal of Biosciences',	''),
(81,	'2008-12-01 15:32:52',	'2008-12-19 00:00:00',	'PENGUMUMAN CPNS 2008 YANG DINYATAKAN LULUS',	''),
(82,	'2008-12-09 18:22:22',	'2009-01-01 00:00:00',	'PENGUMUMAN PEMENANG LOMBA SITUS WEB UNIT KERJA IPB',	''),
(83,	'2008-12-19 11:28:26',	'2009-02-23 00:00:00',	'Pengumuman SPP tentang Pelayanan Registrasi/KRS dan Pembayaran BPMP dan BPMK Mahasiswa Program S1 Berbasis Mayor Minor',	''),
(84,	'2008-12-19 14:52:17',	'2009-02-23 00:00:00',	'Pengumuman SPP tentang Pelayanan Registrasi/KRS dan Pembayaran SPP Program S1 Phasing Out',	''),
(85,	'2009-01-08 09:39:04',	'2009-01-14 00:00:00',	'PENGUMUMAN WAKTU KRS ONLINE',	''),
(86,	'2009-01-14 15:39:35',	'2009-02-27 00:00:00',	'DAFTAR PESERTA LULUS SERTIFIKASI DOSEN 2008',	''),
(87,	'2009-02-05 10:19:32',	'2009-02-27 00:00:00',	'PENGUMUMAN AUTO KREDIT DEPOSIT SPP MAHASISWA S1 MAYOR MINOR',	''),
(88,	'2009-02-12 12:58:25',	'2009-02-13 00:00:00',	'Pengumuman Gangguan Koneksi Internet TELKOM',	''),
(90,	'0000-00-00 00:00:00',	'0000-00-00 00:00:00',	'0',	''),
(91,	'0000-00-00 00:00:00',	'0000-00-00 00:00:00',	'0',	''),
(92,	'0000-00-00 00:00:00',	'0000-00-00 00:00:00',	'0',	''),
(96,	'2009-02-16 12:52:27',	'2009-02-17 00:00:00',	'Pengumuman Gangguan Web IPB',	''),
(97,	'2009-02-19 11:27:55',	'2009-03-18 00:00:00',	'Trial e-Journal selama 1 bulan untuk IPB',	''),
(98,	'2009-02-19 15:41:50',	'2009-02-26 00:00:00',	'Pengumuman Akses KRS Online dan Nilai',	''),
(99,	'2009-02-25 11:59:36',	'2009-04-01 00:00:00',	'Form Laporan Kegiatan Dosen Semester Ganjil 2008/2009',	''),
(100,	'2009-03-03 09:16:41',	'2009-03-03 00:00:00',	'Pengumuman Pengisian KRS B Online',	''),
(101,	'2009-03-05 09:45:14',	'2009-05-30 00:00:00',	'BEASISWA REGULER BINA GENERASI LAZ Al-Hurriyyah IPB Angkatan 12 Periode Mei-Oktober 2009',	''),
(102,	'2009-03-13 15:32:09',	'2009-03-16 00:00:00',	'PENGUMUMAN MAINTENANCE KONEKSI INTERNET',	''),
(103,	'2009-03-19 09:33:51',	'2009-03-31 00:00:00',	'HASIL PENILAIAN NASKAH DAN PEMENANG HAYATI AWARD 2008',	''),
(104,	'2009-04-21 10:56:20',	'2009-04-25 00:00:00',	'Pengumuman Untuk Mahasiswa S1 Reguler MaMi yang Gagal KRS-B',	''),
(105,	'2009-04-28 13:24:18',	'2009-05-07 00:00:00',	'Migrasi Provider Koneksi Internet IPB ',	''),
(106,	'2009-05-02 13:02:31',	'2009-05-05 00:00:00',	'Ujicoba Link Internet Provider Baru',	''),
(108,	'2009-05-13 15:37:09',	'2009-06-02 00:00:00',	'Pendataan User Access IPBnet ',	''),
(109,	'2009-05-20 13:26:58',	'2009-06-18 00:00:00',	'[16 -17 Juni 2009] PENGUMUMAN WISUDA',	''),
(111,	'2009-06-01 09:09:09',	'2009-06-05 00:00:00',	'Aturan Penggunaan User Access IPB',	''),
(112,	'2009-06-03 09:41:00',	'2009-10-02 00:00:00',	'PEMBERLAKUAN PERANGKAT AKREDITASI',	''),
(113,	'2009-06-17 08:43:20',	'2009-07-31 00:00:00',	'Penggunaan Proxy Server untuk Koneksi Internet di IPBnet',	''),
(114,	'2009-06-18 12:04:26',	'2009-08-01 00:00:00',	'Info Beasiswa untuk Calon Mahasiswa IPB dari Rabobank',	''),
(115,	'2009-06-24 15:21:30',	'2009-08-24 00:00:00',	'Pengumuman Registrasi KRS dan Pembayaran SPP  Program Sarjana (Phasing Out)',	''),
(116,	'2009-06-24 15:29:46',	'2009-08-24 00:00:00',	'Pengumuman Registrasi/KRS dan Pembayaran SPP  Program Sarjana (Mayor Minor)',	''),
(117,	'2009-06-24 15:33:54',	'2009-06-24 00:00:00',	'Gangguan Koneksi Internet IPB',	''),
(118,	'2009-06-30 13:45:25',	'2009-07-03 00:00:00',	'Pengumuman Bagi Calon Mahasiswa Jalur BUD 2009',	''),
(119,	'2009-07-03 09:44:46',	'2009-07-31 00:00:00',	'\"Jurnal Untuk Negeri\" dapat diakses oleh semua Perguruan Tinggi',	''),
(121,	'2009-07-17 10:25:31',	'2009-08-03 00:00:00',	'Batas Akhir Penerimanaan Proposal Hibah Penelitian OGFICE 2009-2010',	''),
(122,	'2009-07-18 14:33:58',	'2009-07-21 00:00:00',	'Hasil Seleksi UTM 2009',	''),
(123,	'2009-07-23 14:59:38',	'2009-08-03 00:00:00',	'Pertemuan ILKOMERZ-45 & Departemen Ilmu Komputer',	''),
(124,	'2009-07-24 16:39:41',	'2009-08-22 00:00:00',	'Tausiyah Tarhib Ramadhan IPB',	''),
(125,	'2009-07-30 15:52:54',	'2009-08-05 00:00:00',	'[4 Agustus 2009] GRIM Lecture dari UNESCO',	''),
(126,	'2009-08-06 12:07:55',	'2009-08-22 00:00:00',	'Program Insentif Valuasi Bisnis Invensi IPB',	''),
(127,	'2009-08-06 14:05:54',	'2009-09-12 00:00:00',	'INFORMASI WISUDA PENTING!!',	''),
(128,	'2009-08-06 15:25:24',	'2009-08-12 00:00:00',	'Informasi Orangtua/Wali Calon Mahasiswa IPB Jalur SNMPTN dan UTMI',	''),
(129,	'2009-08-06 17:04:17',	'2009-10-30 00:00:00',	'SAMBUTAN REKTOR RABUAN BERSAMA TENGAH TAHUN 2009',	''),
(130,	'2009-08-21 09:24:55',	'2009-08-31 00:00:00',	'Pengumuman Hibah Penelitian OGFICE 2009 -2010',	''),
(131,	'2009-09-04 12:20:09',	'2009-09-15 00:00:00',	'IPB Peduli Bencana',	''),
(132,	'2009-09-14 09:44:05',	'2009-10-19 00:00:00',	'Penerimaan CPNS IPB Tahun 2009',	''),
(133,	'2009-10-02 16:06:25',	'2009-10-30 00:00:00',	'IPB PEDULI BENCANA GEMPA SUMATERA BARAT',	''),
(134,	'2009-10-06 15:46:09',	'2009-11-30 00:00:00',	'Info Keuangan :: PENGUMUMAN PELUNASAN SPP',	''),
(135,	'2009-10-07 15:41:08',	'2009-11-30 00:00:00',	'Hasil Penilaian Portofolio Sertifikasi Dosen 2009',	''),
(137,	'2009-10-19 08:37:24',	'2009-11-30 00:00:00',	'DOSEN IPB YANG LULUS DALAM PENILAIAN SERTIFIKASI DOSEN TAHUN 2009',	''),
(138,	'2009-10-29 23:15:51',	'2009-11-06 00:00:00',	'Hasil Seleksi Tes Umum (TPU dan TBS) CPNS IPB 2009',	''),
(139,	'2009-11-13 15:42:41',	'2009-11-28 00:00:00',	'Surat Pengumuman CPNS 2009',	''),
(140,	'2009-11-25 10:46:54',	'2009-12-16 00:00:00',	'HAYATI Award 2009',	''),
(141,	'2009-11-25 16:06:50',	'2009-11-27 00:00:00',	'Gangguan Internet Blok FAPET',	''),
(142,	'2009-12-01 09:48:06',	'2009-12-31 00:00:00',	'Hasil Seleksi Penerimaan CPNS IPB 2009',	''),
(143,	'2009-12-29 11:24:12',	'2010-02-28 00:00:00',	'2010 Scholarships for Indonesian students',	''),
(144,	'2010-01-07 12:40:58',	'2010-01-30 00:00:00',	'Pengumuman Pemenang Lomba Situs Web Unit Kerja IPB Tahun 2009 ',	''),
(145,	'2010-01-19 15:00:08',	'2010-02-28 00:00:00',	'Pemenang HAYATI Award 2009',	''),
(146,	'2010-01-20 14:33:52',	'2010-12-30 00:00:00',	'Dengarkan,    Dialog Pakar IPB di RRI Bogor',	''),
(148,	'2010-02-05 20:33:36',	'2010-02-28 00:00:00',	'Pengumuman Hasil USMI 2010',	'<p>\r\n&nbsp;\r\n</p>\r\n<p>\r\n<a href=\"http://krs.ipb.ac.id/usmi\"><strong><font color=\"#000000\">HASIL SELEKSI USMI 2010</font></strong></a> \r\n</p>\r\n<font color=\"#000000\"><a href=\"window.location=%27http://krs.ipb.ac.id/\"></a></font>\r\n'),
(149,	'2010-02-09 16:02:50',	'2010-05-01 00:00:00',	'Lihat Nilai Mahasiswa TPB  TA. 2009/2010',	'<p>\r\n&nbsp;\r\n</p>\r\n<p>\r\nKlik Halaman berikut ini <a href=\"http://hosting.ipb.ac.id/~nilaitpb\"><strong>NILAI TPB TA 2009/2010</strong></a>  \r\n</p>\r\n');

DROP TABLE IF EXISTS `person`;
CREATE TABLE `person` (
  `idPerson` int(11) NOT NULL AUTO_INCREMENT,
  `name` varchar(225) NOT NULL,
  `jabatan` varchar(225) NOT NULL,
  `deskripsi_EN` text NOT NULL,
  `deskripsi_ID` text NOT NULL,
  `idcategory` int(11) NOT NULL,
  `idsubcategory` int(11) DEFAULT NULL,
  `image` varchar(225) NOT NULL,
  `create_date` datetime NOT NULL,
  PRIMARY KEY (`idPerson`),
  KEY `idcategory` (`idcategory`),
  KEY `idsubcategory` (`idsubcategory`),
  CONSTRAINT `person_ibfk_2` FOREIGN KEY (`idcategory`) REFERENCES `ref_category_employee` (`id`),
  CONSTRAINT `person_ibfk_3` FOREIGN KEY (`idsubcategory`) REFERENCES `ref_sub_category_employee` (`id`)
) ENGINE=InnoDB DEFAULT CHARSET=latin1;

INSERT INTO `person` (`idPerson`, `name`, `jabatan`, `deskripsi_EN`, `deskripsi_ID`, `idcategory`, `idsubcategory`, `image`, `create_date`) VALUES
(11,	'Marzuki Usman',	'Chair',	'<p>Marzuki Usman is Vice Chairman of the Board of Trustees of the College of Financial Economics Perbankan Indonesia (STEKPI) and of the Board of Trustees of the Institute of Education Management Indonesia (IPMI). He also serves as the Chairman of the Advisory Council DPP Organda and as a member of the Economic Council of Muhammadiyah Central Executive.</p>\r\n\r\n<p>Mr. Usman has had a distinguished career in government service, as Minister of Forestry in 2001, Minister of Tourism, Art, and Culture 1998&ndash;1999, and as interim Minister of Justice, interim Minister of Transportation, State Minister for Investments and Head of BKPM in 1999, and Secretary of State Owned Enterprises in 1998. Mr. Usman was also chairman of the Indonesian delegation at the WTO for the services sector in 1993.</p>\r\n\r\n<p>Mr. Usman has lectured at various universities, including the University of Gajah Mada and the University of Indonesia, while he also taught at the Indonesian Banking Development Institute and the National Planning Program, School of Economics.</p>\r\n\r\n<p>He served as an international member of the Advisory Board of the Nasdaq in New York in 1994, as a senior advisor to the Jakarta Stock Exchange and has also held positions on the board of a number of companies over the past 30 years.</p>\r\n',	'<p>Marzuki Usman adalah Wakil Ketua Dewan Pembina Sekolah Tinggi Ekonomi Keuangan Perbankan Indonesia (STEKPI) dan Dewan Pembina Institut Pendidikan Manajemen Indonesia (IPMI). Ia juga menjabat sebagai Ketua Dewan Pertimbangan pada DPP Organda dan sebagai anggota Dewan Ekonomi pada Dewan Pimpinan Pusat Muhammadiyah.</p>  <p>Marzuki Usman telah memiliki karir yang luar biasa dalam pelayanan pemerintahan, Ia pernah menjabat sebagai Menteri Kehutanan pada tahun 2001, Menteri Pariwisata, Seni dan Budaya pada tahun 1998-1999, Kepala Badan Analisa Keuangan dan Moneter Departemen Keuangan (1995-1998), Menteri Kehakiman ad interim, Menteri Perhubungan ad interim, Menteri Negara Penggerak Dana Investasi dan Kepala Badan Koordinasi Penanaman Modal (BKPM) pada tahun 1999,&nbsp; serta Sekretaris Menteri Badan Usaha Milik Negara (BUMN) pada tahun 1998. Bapak Usman juga merupakan ketua delegasi Indonesia di WTO untuk sektor jasa pada tahun 1993 di Genewa, Switzerland.</p>  <p>Marzuki Usman telah mengajar di berbagai universitas, termasuk Universitas Gajah Mada dan Universitas Indonesia, ia juga telah mengajar di Lembaga Pengembangan Perbankan Indonesia (LPPI) dan Program Perencanaan Nasional, Sekolah Tinggi Ekonomi.</p>  <p>Bapak Marzuki juga pernah menjabat sebagai anggota dari Dewan Penasehat pada Nasdaq di New York pada tahun 1994, sebagai penasehat senior Bursa Efek Jakarta dan juga pernah menjabat sebagai anggota dewan pada sejumlah perusahaan selama 30 tahun terakhir.</p>',	9,	5,	'Marzuki-Usman_Belantara-BoardofTrustees_300px.jpg',	'2017-11-01 05:09:26'),
(12,	'Jatna Supriatna',	'Vice Chair',	'<p>Jatna Supriatna serves as the chairman of the Research Center for Climate Change at the University of Indonesia (RCCC UI), where he works closely with the research community on climate change problems at a national and international level. Mr. Jatna is also the CEO of the non-profit organisation, United in Diversity Forum (YUID), a group that contributes to a united and peaceful Indonesia, encouraging synergy amongst the diverse constituents of Indonesia&rsquo;s society and the international community.</p>\r\n\r\n<p>Mr. Jatna is the author of numerous books and articles and was recognised in 2012 when elected a member of the Indonesian Academy of Sciences (AIPI). In his role at the University of Indonesia, he teaches a number of courses related to conservation and biology and overseas the work of students in the doctoral and master programs.</p>\r\n\r\n<p>Previously, Mr. Jatna had several government assignments: he was a member of the National Research Council (Dewan Riset Nasional) from 1999 to 2004; the chairman of the Biodiversity Taskforce at the Ministry of Research and Technology from 2001 to 2003; and was a member of the taskforce to review logging concessions from 2003 to 2005. He also participated in negotiations as a member of the Indonesian Delegation at the UN Forest Forum in New York in 2014 and the REDD+ climate change negotiations.</p>\r\n\r\n<p>Mr. Jatna was also the first Indonesian to head up a conservation program for a major international organisation in his role as vice president of Conservation International.</p>\r\n',	'<p>Jatna Supriatna menjabat sebagai ketua Pusat Penelitian Perubahan Iklim di Universitas Indonesia (RCCC UI), di mana ia bekerja sama dengan komunitas peneliti mengenai perubahan iklim di tingkat nasional dan internasional. Bapak Jatna juga merupakan CEO organisasi nirlaba United in Diversity Forum (YUID), sebuah kelompok yang berkontribusi terhadap Indonesia yang bersatu dan damai, mendorong sinergi di antara beragam konstituen masyarakat Indonesia dan masyarakat internasional.</p>  <p>Jatna Supriatna adalah penulis berbagai buku dan artikel dan telah diakui pada tahun 2012 saat terpilih menjadi anggota Akademi Ilmu Pengetahuan Indonesia (AIPI). Dalam perannya di Universitas Indonesia, ia mengajar sejumlah mata kuliah yang berkaitan dengan konservasi dan biologi, serta membimbing thesis mahasiswa dalam program doktor dan magister.</p>  <p>Sebelumnya, Bapak Jatna telah diberikan beberapa penugasan&nbsp; dari pemerintah Indonesia: Ia merupakan anggota Dewan Riset Nasional dari tahun 2004 sampai dengan tahun 2004; ketua Satgas Keanekaragaman Hayati pada Kementerian Riset dan Teknologi dari tahun 2001 sampai dengan tahun 2003; dan merupakan anggota satuan tugas untuk meninjau konsesi penebangan kayu dari tahun 2003 sampai dengan tahun 2005. Ia juga telah berpartisipasi dalam perundingan sebagai anggota Delegasi Indonesia pada Forum Hutan PBB di New York pada tahun 2014 dan negosiasi perubahan iklim REDD +.</p>  <p>Jatna Supriatna juga merupakan orang Indonesia pertama yang memimpin program konservasi untuk sebuah organisasi internasional besar dalam perannya sebagai wakil presiden Conservation International.</p>',	9,	5,	'Jatna-Supriatna_Belantara-BoardofTrustees_300px.jpg',	'2017-11-01 05:12:23'),
(13,	'Ardinis Arbain',	'Chair',	'<p>Ardinis Arbain is a lecturer and Head of Environmental Study at Andalas University, Indonesia. He received a doctorate degree in Plant Taxonomy from Heidelberg University, Germany.</p>',	'<p>Ardinis Arbain adalah dosen dan Kepala Studi Lingkungan Hidup di Universitas Andalas, Indonesia. Ia menerima gelar doktor dalam Taksonomi Tanaman dari Universitas Heidelberg, Jerman.</p>',	10,	5,	'Ardinis-Arbain_Belantara-SupervisoryBoard_300px.jpg',	'2017-11-01 06:13:34'),
(14,	'Aida Greenbury',	'member',	'<p style=\"text-align: left;\">Aida Greenbury spearheads sustainability for Asia Pulp &amp; Paper Group (APP), one of the largest pulp and paper producers in the world. The group manages dozens of manufacturing sites and substantial pulpwood concessions.</p>\r\n<p style=\"text-align: left;\">Supported by a global sustainability team and various international best-in-field experts, Aida works to ensure a long-term economic, social and environmental approach to paper-making through multi stakeholder coordination and ground-level action.</p>\r\n<p style=\"text-align: left;\">Since joining the company in 2004, Ms. Greenbury has been the key player behind major sustainability achievements in APP’s supply chains, forest conservation programs and is the chief architect of both APP’s Sustainability Roadmap: Vision 2020, launched in June 2012, and APP’s Forest Conservation Policy which came into effect in February 2013.</p>\r\n<p style=\"text-align: left;\">Her ambition to drive the company towards leadership in sustainability is also reflected in the company’s 2014 commitment to help protect and restore rainforest landscapes in Indonesia. Aida has initiated a strict material traceability verification and risk evaluation policy along with the associated audit process. This policy required APP to restructure its supply chains and is implemented to ensure the sustainability of all fiber entering APP pulp mills.</p>\r\n<p style=\"text-align: left;\">For many of APP’s stakeholders, Ms. Greenbury’s most important contribution has been to develop the company’s approach to transparency and disclosure. This has included working directly with Greenpeace since 2013 on the development of sustainability policies and separately inviting the Rainforest Alliance to undertake its first ever evaluation of a deforestation free policy and agreeing to the report being published in full (2015) for all observers to review.</p>\r\n<p style=\"text-align: left;\">Ms. Greenbury frequently speaks at global sustainability seminars and events, provides advice for inter-governmental sustainability policies and is a spokesperson for APP’s sustainability program in the international media.</p>\r\n',	'<p>Aida Greenbury mempelopori keberlanjutan untuk Asia Pulp &amp; Paper Group (APP), salah satu produsen pulp dan kertas terbesar di dunia. Asia Pulp &amp; Paper Group mengelola puluhan lokasi pembuatan dan konsesi kayu pulp yang substansial.</p>  <p>Didukung oleh tim keberlanjutan global dan berbagai pakar internasional yang terbaik pada bidangnya, Aida Greenbury bekerja untuk memastikan pendekatan ekonomi, sosial dan lingkungan yang berjangka panjang bagi pembuatan kertas melalui koordinasi multipihak dan melakukan tindakan pada tingkat dasar.</p>  <p>Sejak bergabung dengan perusahaan pada tahun 2004, Aida Greenbury telah menjadi pemain kunci di balik pencapaian besar untuk keberlanjutan dalam rantai pasokan APP, program konservasi hutan dan juga merupakan arsitek utama dari Roadmap Keberlanjutan APP: Vision 2020 yang diluncurkan pada bulan Juni 2012, serta Kebijakan Konservasi Hutan APP yang mulai berlaku pada bulan Februari 2013.</p>  <p>Ambisinya untuk mendorong perusahaan menuju kepemimpinan dalam keberlanjutan juga tercermin dalam komitmen perusahaan tahun 2014 yang bertujuan untuk membantu melindungi dan memulihkan lanskap hutan hujan di Indonesia. Aida telah memulai verifikasi ketertelusuran material yang ketat dan kebijakan evaluasi risiko bersamaan dengan proses audit terkait. Kebijakan ini mengharuskan APP untuk merestrukturisasi dan mengimplimentasi rantai pasokan APP agar dapat memastikan keberlanjutan semua serat yang memasuki pabrik pulp milik APP.</p>  <p>Bagi banyak pemangku kepentingan APP, kontribusi Aida Greenbury yang paling penting adalah mengembangkan pendekatan perusahaan terhadap transparansi dan keterbukaan. Ini termasuk bekerja secara langsung dengan Greenpeace sejak tahun 2013 dalam pengembangan kebijakan keberlanjutan dan secara terpisah mengundang Rainforest Alliance untuk melakukan evaluasi pertama kali sejak mereka berdiri terhadap kebijakan bebas deforestasi dan menyetujui laporan yang dipublikasikan secara keseluruhan (2015) yang ditujukan bagi semua pengamat untuk ditinjau.</p>  <p>Aida Greenbury sering menjadi pembicara pada acara dan seminar keberlanjutan berskala global dan memberikan saran untuk kebijakan keberlanjutan antar pemerintah, serta merupakan juru bicara program keberlanjutan APP di media internasional.</p>',	9,	5,	'Aida-Greenbury_Belantara-BoardofTrustees_300px.jpg',	'2017-11-01 06:21:52'),
(15,	'Elim Sritaba',	'Member',	'<p>Elim Sritaba is the Director of Strategy and Corporate HR at Sinar Mas Forestry (SMF), Asia Pulp &amp; Paper&rsquo;s plantation forest management organization. Ms. Sritaba has been responsible for leading the implementation of APP&rsquo;s Forest Conservation Policy (FCP) at Sinar Mas Forestry since the launch of the policy in 2013. She is also currently responsible for supporting the Human Resources and General Affairs Division of Sinar Mas Forestry, a role she took on in April 2014.</p>\r\n\r\n<p>Ms. Sritaba joined Sinar Mas Forestry in 2005 and was responsible for assisting the Chief Administration Officer with operational business practice improvement.</p>\r\n\r\n<p>Ms. Sritaba holds a Bachelor&rsquo;s Degree in Banking and Finance from the Nitro Institute of Banking and Finance and has more than 20 years of experience across finance, forestry as well as supply chain and business process management. Ms. Sritaba is currently a business champion for the strategic transformation process launched at Sinar Mas Forestry in late 2014.</p>',	'<p>Elim Sritaba adalah Direktur Strategi dan Corporate HR di Sinar Mas Forestry (SMF) dan organisasi pengelolaan hutan tanaman Asia Pulp &amp; Paper. Ibu Sritaba telah bertanggung jawab untuk memimpin pelaksanaan Kebijakan Konservasi Hutan APP di Sinar Mas Forestry sejak diluncurkannya kebijakan tersebut pada tahun 2013. Saat ini ia juga bertanggung jawab untuk mendukung Divisi Sumber Daya Manusia dan Umum Sinar Mas Forestry, peran yang ia ambil sejak bulan April 2014.</p>  <p>Ibu Elim bergabung dengan Sinar Mas Forestry pada tahun 2005 dan bertanggung jawab untuk membantu Kepala Administrasi dengan perbaikan praktik bisnis operasional.</p>  <p>Elim Sritaba meraih gelar sarjana di bidang Perbankan dan Keuangan dari Nitro Institute of Banking and Finance dan memiliki pengalaman lebih dari 20 tahun di bidang keuangan, kehutanan, serta manajemen rantai pasokan dan bisnis. Ibu Sritaba saat ini adalah juara bisnis untuk proses transformasi strategis yang diluncurkan oleh Sinar Mas Forestry pada akhir 2014.</p>',	9,	5,	'Elim-Sritaba_Belantara-BoardofTrustees_300px.jpg',	'2017-11-01 06:27:36'),
(16,	'Professor Teguh Soedarsono',	'Member',	'<p>Prof Teguh Soedarsono is Vice Head of the Witnesses and Victims Protection Agency. He graduated from UNTAG Law Faculty in 1989 and continued his masters at the University of Indonesia in Environmental Science &amp; Human Ecology.</p>\r\n\r\n<p>During his career Prof Soedarsono held a variety of roles across law enforcement and the environment. He was an Assistant III of Ministry of Environment in 1994, Head of Central Information Development &amp; Environmental Compliance in 1998 and also held the positions of Head of National Crime Statistics, Head of the Crime Information Center and Head of the Police Law Development Division.</p>\r\n\r\n<p>He is a lecturer on Police Law, Environment Law and Restorative Justice at the Police Academy College, Bhayangkara Jaya University, University of Indonesia, Pakuan University, and Atmajaya University. Prof Soedarsono has received a number of awards for his work and has also published numerous books in the field of law.</p>\r\n',	'<p>Prof. Teguh Soedarsono adalah Wakil Kepala Lembaga Perlindungan Saksi dan Korban. Ia lulus dari Fakultas Hukum UNTAG pada tahun 1989, lalu melanjutkan pascasarjananya di Universitas Indonesia dalam Ilmu Lingkungan &amp; Ekologi Manusia (ILEM).</p>  <p>Selama karirnya Prof. Soedarsono memegang berbagai peran di bidang penegakan hukum dan lingkungan. Ia adalah Asisten III Kementerian Lingkungan Hidup pada tahun 1994, Kepala Pusat Pengembangan Informasi dan Penataan Lingkungan (Ka. PPIPL) Badan Pengendalian Dampak Lingkungan pada tahun 1998 dan juga menjabat sebagai Kepala Badan Reserse Kriminal, Kepala Pusat Informasi Kejahatan dan Kepala Bagian Pengembangan Hukum Kepolisian.</p>  <p>Prof. Teguh Soedarsono adalah dosen Hukum Kepolisian, Hukum Lingkungan Hidup dan Keadilan Restoratif di Akademi Kepolisian, Universitas Bhayangkara Jaya, Universitas Indonesia, Universitas Pakuan, dan Universitas Atmajaya. Prof. Soedarsono telah menerima sejumlah penghargaan untuk karyanya dan juga telah menerbitkan banyak buku di bidang hukum.</p>',	10,	5,	'Professor-Teguh-Soedarsono_Belantara-SupervisoryBoard_300px.jpg',	'2017-11-01 06:31:00'),
(17,	'Agus Purnomo',	'Member',	'<p>Agus Purnomo is Director of Sinar Mas Agro Resources and Technology (SMART), Indonesia.</p>\r\n\r\n<p>Previously, Mr. Purnomo served as Special Assistant to the President of Indonesia for Climate Change from 2010 to 2014. He also held the position of Special Assistant to the Minister of Environment and Head of the Indonesian Delegation in five of the six United Nations Framework Convention on Climate Change (UNFCCC) negotiation meetings.</p>\r\n\r\n<p>Prior to his government appointments, Mr. Purnomo was Executive Director of World Wildlife Fund (WWF) Indonesia from 2004 to 2009; Executive Director of Pelangi Indonesia, a policy research institute, from 1996 to 2003; and Executive Director of the Indonesian Forum for the Environment from 1992 to 1996.</p>\r\n\r\n<p>Mr. Purnomo holds an MBA from Prasetya Mulya Management Institute in Jakarta and an MA from the Department of Urban and Environmental Policy at Tufts University in the US.</p>\r\n',	'<p>Agus Purnomo adalah Direktur dari Sinar Mas Agro Resources and Technology (SMART), Indonesia.</p>  <p>Sebelumnya, Agus Purnomo menjabat sebagai Asisten Khusus Presiden Indonesia untuk Perubahan Iklim dari tahun 2010 sampai 2014. Beliau juga memegang posisi Asisten Khusus untuk Menteri Lingkungan Hidup dan merupakan Kepala Delegasi Indonesia di lima dari enam pertemuan negosiasi Perubahan Iklim <em>United Nations Framework Convention</em> pada (UNFCCC).</p>  <p>Sebelum pengangkatannya di pemerintahan, Bapak Purnomo adalah Direktur Eksekutif World Wildlife Fund (WWF) Indonesia dari tahun 2004 sampai dengan tahun 2009; Direktur Eksekutif Pelangi Indonesia, lembaga penelitian kebijakan, dari tahun 1996 sampai 2003; dan Direktur Eksekutif Indonesian Forum for Environment dari tahun 1992 sampai 1996.</p>  <p>Agus Purnomo meraih gelar MBA dari Prasetya Mulya Management Institute di Jakarta dan MA dari Departemen Kebijakan Perkotaan dan Lingkungan Hidup di Tufts University di Amerika Serikat.</p>',	9,	5,	'Agus-Purnomo_Belantara-BoardofTrustees_300px.jpg',	'2017-11-01 06:33:15'),
(18,	'Dewi Bramono',	'Vice Chair',	'<p>Dewi Bramono is Deputy Director of Sustainability and Stakeholder Engagement of Asia Pulp &amp; Paper Group (APP), Indonesia. She coordinates and monitors the implementation of standards and global best practices that improve the sustainability of APP&rsquo;s operations in Indonesia. Her activities include the development of policies, guidelines and systems required to help the organisation in achieving its sustainability goals throughout APP&rsquo;s and its suppliers&rsquo; operations. Since its launch in 2013, Ms. Bramono has managed the implementation of APP&rsquo;s Forest Conservation Policy (FCP) to ensure that pulpwood and fiber are coming from sources that are managed responsibly and sustainably in accordance with APP&rsquo;s commitments.</p>\r\n\r\n<p>Ms. Bramono also engages with APP&rsquo;s stakeholders, including customers and CSOs, to get their input and to update them on APP&rsquo;s sustainability progress.</p>\r\n\r\n<p>Previously, Ms. Bramono was a consultant for product development at Arthur D. Little in Cambridge, Massachusetts, USA. She was also a project manager for Eka Hospital development in Serpong, Java, and in Pekanbaru, Sumatra, Indonesia. Ms. Bramono has a BSc and MSc in Engineering from Tufts University in the US and an MBA degree from INSEAD in France &amp; Singapore.</p>\r\n',	'<p>Dewi Bramono adalah Wakil Direktur Pelaksana Keberlanjutan dan Keterlibatan Pemangku Kepentingan pada Asia Pulp &amp; Paper Group (APP), Indonesia. Ia mengkoordinasikan dan memantau standar-standar penerapan dan praktik global terbaik dalam meningkatkan keberlanjutan operasi APP di Indonesia. Kegiatannya meliputi pengembangan kebijakan, pedoman dan sistem yang diperlukan untuk membantu organisasi dalam mencapai tujuan keberlanjutannya di seluruh operasi APP dan pemasoknya. Sejak diluncurkan pada tahun 2013, Ibu Dewi telah mengelola pelaksanaan Kebijakan Konservasi Hutan APP <em>(FCP</em><em>, Forest Conseravtion Policy)</em> untuk memastikan bahwa kayu pulp dan serat berasal dari sumber yang dikelola secara bertanggung jawab dan berkelanjutan, sesuai dengan komitmen APP.</p>  <p>Ibu Dewi juga terlibat dengan para pemangku kepentingan APP, termasuk para pelanggan dan para CSO <em>(Customer Service Officers)</em> untuk mendapatkan masukan dari mereka dan memberikan mereka informasi terkini mengenai kemajuan keberlanjutan APP.</p>  <p>Sebelumnya, Dewi Bramono adalah konsultan pengembangan produk di Arthur D. Little di Cambridge, Massachusetts, AS. Ibu Dewi sebelumnya juga adalah seorang manajer proyek untuk pengembangan Rumah Sakit Eka di Serpong, Jawa Barat dan di Pekanbaru, Sumatra, Indonesia. Dewi Bramono memiliki gelar BSc dan MSc di bidang Teknik dari Tufts University di AS dan gelar MBA dari INSEAD di Perancis &amp; Singapura.</p>',	10,	5,	'Dewi-Bramono_Belantara-ExecutiveBoard_300px.jpg',	'2017-11-01 06:59:34'),
(19,	'Arman Sutedja',	'Member',	'<p>Born in Bandung on June 30, 1973,&nbsp;Mr. Sutedja graduated from the Faculty of Economics of Trisakti University, Jakarta, majoring in Accounting.</p>\r\n\r\n<p>After graduation, he started his career as auditor at Prasetio, Utomo &amp; Co (1995-1997) and later worked as Assistant Vice President of Corporate Finance in PT. Sinarmas Sekuritas (1997-1999). In 1999, Mr. Sutedja joined APP. More recently, he has been the Director of Marshall Enterprise Ltd. since 2006, as well as the Director of PT Cakrawala Mega Indah since 2009. On 24 June 2011, at the Annual General Shareholder Meeting, he was appointed as a Director of PT Pabrik Kertas Tjiwi Kimia Tbk. Since 2015, he is also Director of PT Syndopek Perotama dan PT Ekamas Fortuna.</p>\r\n\r\n<p>Over the course of 2015, Mr. Sutedja attended various in-house discussion forums regarding Indonesian economics, politics, GCG and employment.</p>\r\n',	'<p>Lahir di Bandung pada tanggal 30 Juni 1973, Bapak Sutedja lulus dari Fakultas Ekonomi Universitas Trisakti, Jakarta, jurusan Akuntansi.</p>  <p>Setelah lulus, Arman Sutedja memulai karirnya sebagai auditor di Prasetio, Utomo &amp; Co (1995-1997), kemudian bekerja sebagai Asisten Wakil Presiden bidang Corporate Finance di PT. Sinarmas Sekuritas (1997-1999). Bapak Sutedja bergabung dengan APP pada tahun 1999. Ia menjabat sebagai Direktur Marshall Enterprise Ltd. sejak 2006 sekaligus menjabat sebagai Direktur PT Cakrawala Mega Indah sejak tahun 2009. Pada Rapat Umum Pemegang Saham Tahunan PT Pabrik Kertas Tjiwi Kimia Tbk tanggal 24 Juni 2011,, beliau diangkat sebagai Direktur PT Pabrik Kertas Tjiwi Kimia Tbk. Sejak tahun 2015, Arman Sutedja juga menjabat sebagai Direktur PT Syndopek Perotama dan PT Ekamas Fortuna.</p>  <p>Selama tahun 2015, Bapak Arman hadir dalam berbagai forum diskusi in-house mengenai ekonomi, politik, GCG dan pekerjaan di Indonesia.</p>',	10,	5,	'ARMAN-SUTEDJA-624x624.jpg',	'2017-11-01 07:00:20'),
(20,	'Professor Yohanes Purwanto',	'Chair',	'<p>Prof Yohanes Purwanto is a Research Professor in ethnobiology and graduated from the Agronomy Department, Faculty of Agriculture, University of Sebelas Maret, Surakarta in 1984. He has also studied at the Universit&eacute; Pi&egrave;rre et Marie Curie in Paris and recieved his PhD in 1997 in Ecologie G&eacute;n&eacute;rale et Production V&eacute;getale.</p>\r\n\r\n<p>Prof Purwanto has always been interested in the relationship between natural resources and sustainable development in Indonesia and as a result, joined the Indonesian Institute of Sciences in 1985 and became the Executive Director of the Indonesian MAB Program in 2008.</p>\r\n\r\n<p>In 1998, Prof Purwanto was appointed Executive Director of The Indonesian MAB-UNESCO Program National Committee and then in 2008, he joined the Indonesian Institute of Sciences (LIPI).</p>\r\n\r\n<p>He has been active in developing a comprehensive and integrated programme related to sustainable development and the sustainable use of natural resources. Recently, Prof Purwantowas appointed as the Program Director of Program I: Biogeodynamic and Sustainable Environment of the International Center for Interdisciplinary and Advanced Research, a non-structural centre established by LIPI in 2009 to promote excellence in interdisciplinary and advanced research within the realm of environment and human security. He was also elected Chairman of the Indonesian Ethnobiologist Society Association in 2008, a position he continues to hold.</p>\r\n',	'<p>Prof. Yohanes Purwanto adalah seorang Profesor Riset di bidang etnobiologi dan lulus dari Jurusan Agronomi, Fakultas Pertanian, Universitas Sebelas Maret, Surakarta pada tahun 1984. Ia juga pernah belajar di Universit&eacute; Pi&egrave;rre et Marie Curie di Paris dan menerima gelar PhD-nya pada tahun 1997 di Ecologie G&eacute;n&eacute;rale et Production V&eacute;getale.</p>  <p>Prof. Yohanes selalu tertarik pada hubungan antara sumber daya alam dan pembangunan berkelanjutan di Indonesia, oleh karena itu ia bergabung dengan Institut Ilmu Pengetahuan Indonesia pada tahun 1985 dan menjadi Direktur Eksekutif Program MAB (Man And The Biosphere, UNESCO) Indonesia pada tahun 2008.</p>  <p>Pada tahun 1998, Prof. Yohanes diangkat menjadi Direktur Eksekutif Komite Nasional Program MAB-UNESCO Indonesia dan kemudian pada tahun 2008 bergabung dengan Lembaga Ilmu Pengetahuan Indonesia (LIPI).</p>  <p>Prof. Yohanes telah aktif dalam mengembangkan program - program komprehensif dan terpadu yang terkait dengan pembangunan berkelanjutan dan pemanfaatan sumber daya alam secara berkelanjutan. Baru-baru ini, Prof. Yohanes ditunjuk sebagai Direktur Program untuk Program I: Biogeodinamika dan Lingkungan Berkelanjutan Pusat Internasional untuk Penelitian Interdisipliner dan Lanjutan, sebuah pusat non-struktural yang didirikan oleh LIPI pada tahun 2009 untuk mempromosikan keunggulan dalam penelitian interdisipliner dan lanjutan di ranah keamanan lingkungan dan manusia. Ia juga terpilih sebagai Ketua Asosiasi Masyarakat Etnobiologi Indonesia pada tahun 2008, sebuah posisi yang ia jabat hingga kini.</p>',	11,	5,	'Professor-Yohanes-Purwanto_Belantara-ExecutiveBoard_300px.jpg',	'2017-11-01 07:02:41'),
(21,	'Dr. Dolly Priatna',	'Vice Chair',	'<p>Dr. Priatna holds a doctorate degree in wildlife spatial ecology from the Department of Forest Resources Conservation at Bogor Agricultural University.</p>\r\n\r\n<p>His passion for wildlife conservation started when he joined the Biological Science Club in 1985. Dr Priatna&rsquo;s professional career began when he was appointed as a researcher at the Ecological Project of Wildlife Conservation International (currently WCS) in the Gunung Leuser National Park, northern Sumatra, in 1992. He then spent three years working at the Integrated Conservation and Development Programme (ICDP), a programme funded by the European Union which focused on the management of the Leuser Ecosystem.</p>\r\n\r\n<p>Between 1997 and 2004 he held various technical positions in the Leuser Management Unit, where he was responsible for the implementation of conservation programmes in the Leuser Ecosystem area. During this time, alongside colleagues, he established a conservation foundation.</p>\r\n\r\n<p>Following his time at the Leuser Management Unit he spent almost nine years working for the Zoological Society of London (ZSL) Indonesia Programme as a Country Manager and also as a short term consultant (wildlife and biodiversity expert) for the Hatfield Group and Rainforest Alliance.</p>\r\n\r\n<p>Since 1991 he has been writing many scientific papers and guidelines on wildlife conservation and ecology. He was also chairman of the Sumatran Tiger Conservation Forum and the Society for Conservation GIS.</p>\r\n\r\n<p>Dr. Priatna currently serves as a member of the Advisory Board at the Asian Journal of Conservation Biology and the Sumatran Tiger Conservation Forum, as well as a member of the IUCN Species Survival Commission Tapir Specialist Group.</p>\r\n',	'<p>Dr. Priatna meraih gelar doktor dalam ekologi spasial satwa liar dari Departemen Konservasi Sumber Daya Hutan dan Ekowisata di Institut Pertanian Bogor.</p>  <p>Semangatnya untuk konservasi satwa liar dimulai saat ia bergabung dengan <em>Biological Science Club</em> pada tahun 1985. Karir profesional Dr. Priatna dimulai saat ia ditunjuk sebagai peneliti di Proyek Ekologi Wildlife Conservation International (saat ini WCS) di Taman Nasional Gunung Leuser, Sumatra bagian utara, pada tahun 1992. Ia kemudian menghabiskan tiga tahun bekerja di Integrated Conservation and Development Programme (ICDP), sebuah program yang didanai oleh Uni Eropa dan berfokus pada pengelolaan Ekosistem Leuser.</p>  <p>Antara tahun 1997 dan 2004, Dr. Dolly Priatna memegang berbagai posisi teknis di Unit Pengelolaan Leuser, di mana dia bertanggung jawab atas pelaksanaan program konservasi di kawasan Ekosistem Leuser. Selama ini, bersama rekan-rekannya, ia mendirikan sebuah yayasan konservasi.</p>  <p>Saat Unit Pengelolaan Leuser, Dr. Dolly menghabiskan hampir sembilan tahun bekerja untuk Program Zoological Society of London Indonesia (ZSL) sebagai Country Manager dan juga sebagai konsultan jangka pendek (pakar margasatwa dan keanekaragaman hayati) untuk Hatfield Group dan Rainforest Alliance.</p>  <p>Sejak tahun 1991 ia telah banyak menulis makalah ilmiah dan panduan tentang konservasi dan ekologi satwa liar. Dr. Dolly juga sebelumnya merupakan ketua dari Forum Konservasi Harimau Sumatera (FHK, Forum Harimau Kita) dan ketua SCGIS (The Society for Conservation GIS) Indonesia.</p>  <p>Dr. Dolly saat ini menjabat sebagai anggota Dewan Penasehat di Asian Journal of Conservation Biology dan Forum Konservasi Harimau Sumatera, serta sebagai anggota IUCN SSC <em>(Species Survival Commission) Tapir Specialist Group.</em></p>',	11,	5,	'Dr-Dolly-Priatna_Belantara-SupervisoryBoard_300px.jpg',	'2017-11-01 07:03:19'),
(22,	'Heri Santoso Liem',	'Member',	'<p>Born in Rembang on 15 November 1969, Mr. Santoso graduated from the Faculty of Economics of Gadjah Mada University in Yogyakarta, majoring in accounting. He started his career at Prasetio, Utomo &amp; Co., working his way up from the position of junior auditor to supervisor between 1994 and 1999. He then continued at PT. Pindo Deli Pulp and Paper Mills from 1999 to 2009 and at PT. Dian Swastatika Sentosa Tbk. from 2009 to 2011 as corporate secretary. Mr. Santoso joined APP head office in Jakarta in 2011. He was appointed director and corporate secretary of the PT. Pabrik Kertas Tjiwi Kimia Tbk. at the Annual General Meeting of Shareholders on 25 June 2015.</p>\r\n',	'<p>Lahir di Rembang pada tanggal 15 November 1969, Heri Santoso Liem lulus dari Fakultas Ekonomi Universitas Gadjah Mada di Yogyakarta, jurusan akuntansi. Ia memulai karirnya di Prasetio, Utomo &amp; Co., bekerja dari posisi auditor junior menjadi supervisor antara tahun 1994 hingga 1999. Kemudian dilanjutkan di PT. Pindo Deli Pulp and Paper Mills dari tahun 1999 sampai 2009, lalu di PT. Dian Swastatika Sentosa Tbk. dari 2009 hingga 2011 sebagai sekretaris perusahaan. Bapak Santoso bergabung dengan kantor pusat APP di Jakarta pada tahun 2011. Ia diangkat sebagai direktur dan sekretaris perusahaan PT. Pabrik Kertas Tjiwi Kimia Tbk. pada Rapat Umum Pemegang Saham Tahunan pada tanggal 25 Juni 2015.</p>',	11,	5,	'3B3A0043-624x697.jpg',	'2017-11-01 07:04:04'),
(23,	'Sera Noviany',	'Secretary',	'<p>Sera Noviany is the Forest Sustainability Head of Sinar Mas Forestry, the group which manages its own industrial forest plantations and supports its supplier-partners, as the major sources of pulpwood/fiber materials for Asia Pulp &amp; Paper (APP), one of the biggest pulp &amp; paper producers in the world. As Forest Sustainability Head, she leads and directs the forest certification of all Sinar Mas Forestry plantations and assists its supplier-partners in ensuring that all forest management practices comply with credible and independently-verified sustainable forest management standards, such as the Lembaga Ekolabel Indonesia (LEI), the Indonesian Forest Certification Cooperation (IFCC) which is endorsed and recognized by the Program for the Endorsement of Forest Certification (PEFC) and the Indonesian mandatory standard for sustainable forest management (PHPL) which is the national system for the implementation of a legality and timber verification system (SVLK).&nbsp;She oversees and ensures that all Health &amp; Safety, Environment and Fire Management programs are effectively implemented across all the Sinar Mas Forestry concessions and its partners. Sera also manage the implementation of conservation programs, such as the HCV Management, Monitoring and Evaluation, which is an integral component in implementing the APP Forest Conservation Policy. Additionally, she oversees flagship conservation programs, notably the Giam-Siak Kecil Bukit Batu Biosphere Reserve, which has been included in the United Nations Man and the Biosphere Program (UN MAB), Senepis landscape, Kerumutan, etc.</p>\r\n\r\n<p>Sera is an accredited Assessor of LEI. She is a member of IFCC and its national IFCC Standard Committee. She is also currently a member of the Forest Stewardship Council (FSC) Standard Development Group of Indonesia, which is tasked in developing a national FSC standard. She participated in an international forest certification training program which was held in Sweden, Chile and Indonesia. Prior to her employment in Sinar Mas Forestry, Sera was employed in a forest plantation and pulp &amp; paper organization. She has a Bachelor of Science in Agriculture from the Gadjah Mada University and a Master&rsquo;s Degree in Agricultural Economics, also from the Gadjah Mada University jointly with the University of Tokyo, where she had a one-year graduate research residency.</p>\r\n',	'<p>Sera Noviany adalah Kepala Keberlanjutan Hutan di Sinar Mas Forestry, kelompok yang mengelola perkebunan hutan industrinya sendiri dan mendukung mitra pemasoknya; sebagai sumber utama untuk bahan pulpwood/ fiber bagi Asia Pulp &amp; Paper (APP), yang merupakan salah satu produsen pulp dan kertas yang terbesar di dunia.</p>  <p>Sebagai Kepala Keberlanjutan Hutan, Ibu Sera memimpin dan mengarahkan kesertifikasikasian hutan di semua perkebunan Sinar Mas Forestry dan membantu mitra pemasoknya untuk memastikan bahwa semua praktik pengelolaan hutan sesuai dengan standar pengelolaan hutan lestari yang kredibel dan independen, seperti Lembaga Ekolabel Indonesia ( LEI), Kerjasama Sertifikasi Hutan Indonesia <em>(IFCC</em><em>, Indonesian Forest Certification Cooperation)</em> disahkan dan diakui oleh Program Pengesahan Sertifikasi Hutan <em>(PEFC</em><em>, Programme for the Endorsement of Forest Certification (PEFC)</em> dan standar wajib Indonesia untuk Pengelolaan Hutan Produksi Lestari (PHPL) yang merupakan sistem nasional untuk penerapan Sistem Verifikasi Legalitas Kayu (SVLK).</p>  <p>Sera Noviany juga mengawasi dan memastikan bahwa semua program Kesehatan &amp; Keselamatan Kerja, program Pengelolaan Lingkungan dan Kebakaran diterapkan secara efektif di seluruh konsesi Sinar Mas Forestry dan mitranya. Ibu Sera juga mengelola pelaksanaan program konservasi, seperti Pengelolaan HCV <em>(High Conservation Value)</em> dan Pemantauan dan Evaluasi, yang merupakan komponen integral dalam mengimplementasikan Kebijakan Konservasi Hutan APP. Selain itu, ia juga mengawasi program - program andalan konservasi, terutama Cagar Biosfer Bukit Giam-Siak Kecil yang telah masuk dalam <em>United Nations Man and the Biosphere Programme (UN MAB)</em>, lansekap Senepis, Kerumutan, dll.</p>  <p>Sera Noviany adalah penilai LEI yang terakreditasi. Ia adalah anggota IFCC dan Komite Standar IFCC. Saat ini ia adalah anggota Kelompok <em>Forest Stewardship Council (FSC) Standard Development Group </em>di Indonesia yang bertugas mengembangkan standar FSC nasional. Ia juga telah berpartisipasi dalam program pelatihan sertifikasi hutan internasional yang diadakan di Swedia, Cile dan Indonesia. Sebelum bekerja di Sinar Mas Forestry, Sera Noviany bekerja di sebuah organisasi hutan tanaman industri dan organisasi pulp dan kertas. Sera Noviany memperoleh gelar Sarjana Pertanian dari Universitas Gadjah Mada dan Magister Ekonomi Pertanian juga dari Universitas Gadjah Mada bersama dengan Universitas Tokyo, dimana ia memiliki residensi penelitian pascasarjana selama satu tahun.</p>',	11,	5,	'sera-1.jpg',	'2017-11-01 07:04:40'),
(24,	'Sri Mariati',	'Executive Director',	'<p>Sri Mariati has an extensive work experience in the environmental conservation field, had been employed as the member of top level management in multiple highly respectable international NGOs and private sectors. Prior joining with Belantara Foundation, Sri served as the Terrestrial Program Director at Conservation International Indonesia where she had to oversee the conservation programs, specifically supervised the national policy works related to climate change mitigation and adaptation in the landscape, biodiversity conservation management as well as holistically led the strategic plan up to the execution. She also had two years of experience as the Executive Director of Sumatera Sustainability Fund (SSF) Foundation, and previously contributed most of her professional years at WWF Indonesia. In the latter organization, she excelled her assignments with significant accomplishments. She established the Sumatera Trust Fund to support the commitment of ten provincial governors in the Sumatera Island when acted as the Sustainable Financing Coordinator for Sumatera Initiative.</p>\r\n\r\n<p>Not only she has 17 years of solid experience in various NGOs, but she also had a total of 4 years&rsquo; experience (2012-2016) in the private sectors. Her latest responsibility was to lead the division of Sustainability and Stakeholders Engagement to ensure sustainability of social, economic, and environmental aspects (CSR, SHE, and Conservation) at Royal Lestari Utama (RLU) company, a joint venture between Michelin group (France) and Barito group. Sri had several successes ranging from the establishment of HCV and HCS areas in the RLU&rsquo;s concession and able to lead a resolution for social conflict.</p>\r\n\r\n<p>Through the years, her knowledge in the conservation field had been elevated and enriched through her experiences in several roles as following, as the Expansion Protected Area Module Leader, Senior Conservation Officer, Communication Manager, Consultant, Trainer and Researcher positions. As a trainer, Sri focused on the topic of Project Cycle Management on Proposal Writing Training. She also an active writer whose papers have been published online in various international journals (Journal of Environmental Protection, International Journal of Social Science and Management, Australian Journal and Basic Applied Science, Primate Conservation).</p>\r\n\r\n<p>Sri Mariati received Cum Laude honor for her doctoral degree in Environmental Studies from the University of Indonesia with a dissertation title of &ldquo;Spatial Harmonization Model Between Conservation and Production in a Forest Block: Case Study in Tesso Nilo Forest Block in Riau Province&rdquo; in 2013. She received a scholarship funded by Riau Province government for her Post-Graduate study and grant from WWF Indonesia for research on Environmental Studies from the University of Andalas in 2004. Previously, Sri graduated from Riau University with a bachelor degree in Marine Science in 1991.</p>\r\n',	'<p>Sri Mariati memiliki pengalaman kerja yang luas di bidang pelestarian lingkungan, ia telah bekerja sebagai anggota manajemen tingkat atas pada berbagai LSM internasional dan perusahaan dan organisasi pada sektor swasta yang sangat terhormat. Sebelum bergabung dengan Yayasan Belantara, Ibu Sri menjabat sebagai Direktur Program Terestrial di Conservation International Indonesia di mana ia mengawasi program konservasi yang secara khusus mengawasi kerja kebijakan nasional yang terkait dengan mitigasi dan adaptasi perubahan iklim pada lanskap, pengelolaan konservasi keanekaragaman hayati, serta memimpin rencana strategis hingga eksekusi secara menyeluruh. Ia juga pernah memiliki pengalaman dua tahun sebagai Direktur Eksekutif Sumatera Sustainability Fund (SSF) Foundation, dan sebelumnya menyumbangkan sebagian besar tahun profesionalnya di WWF Indonesia. Di WWF Indonesia, Ibu Sri berhasil dalam tugasnya dengan prestasi yang signifikan. Ia mendirikan Dana Perwalian Sumatera untuk mendukung komitmen kesepuluh gubernur provinsi di Pulau Sumatera saat bertindak sebagai Koordinator Pembiayaan Berkelanjutan untuk Inisiatif Sumatera.</p>  <p>Tidak hanya telah memiliki 17 tahun pengalaman yang solid di berbagai LSM, namun Ibu Sri juga memiliki pengalaman 4 tahun (2012-2016) di sektor swasta. Tanggung jawab terakhirnya adalah memimpin divisi <em>Sustainability and Stakeholders Engagement</em> untuk memastikan keberlanjutan aspek sosial, ekonomi, dan lingkungan (CSR, SHE, and Conservation) di perusahaan Royal Lestari Utama (RLU), perusahaan patungan antara kelompok Michelin (Prancis) dan kelompok Barito. Sri memiliki beberapa keberhasilan mulai dari pembentukan area HCV <em>(High Conservation Value)</em> dan HCS <em>(High Carbon Stock)</em> di konsesi RLU dan mampu memimpin resolusi konflik sosial.</p>  <p>Seiring tahun, pengetahuannya di bidang konservasi telah meningkat dan diperkaya melalui pengalamannya dalam beberapa peran sebagai berikut: sebagai posisi Pemimpin Modul Pelaksana Kawasan Pelestarian, Pelaksana Konservasi, Komunikasi Manajer, Konsultan, Pelatih dan Peneliti. Sebagai pelatih, Sri memusatkan perhatian pada topik Manajemen Siklus Proyek dalam Pelatihan Penulisan Proposal. Ibu Sri juga seorang penulis aktif yang makalahnya telah dipublikasikan secara online di berbagai jurnal internasional (Journal of Environmental Protection, Jurnal Internasional Ilmu Pengetahuan dan Manajemen, Australian Journal and Basic Applied Science, Primate Conservation).</p>  <p>Sri Mariati menerima penghargaan Cum Laude untuk gelar doktor dalam Studi Lingkungan Hidup dari Universitas Indonesia dengan judul disertasi &quot;Model Harmonisasi Spasial Antara Konservasi dan Produksi di Blok Hutan: Studi Kasus di Blok Hutan Tesso Nilo di Provinsi Riau&quot; pada tahun 2013. Ia menerima beasiswa yang didanai oleh pemerintah Provinsi Riau untuk studi Pasca Sarjana dan hibah dari WWF Indonesia untuk penelitian Studi Lingkungan Hidup dari Universitas Andalas pada tahun 2004. Sebelumnya, Sri lulus dari Universitas Riau dengan gelar sarjana Ilmu Kelautan pada tahun 1991.</p>',	7,	5,	'srimariati-624x624.png',	'2017-11-01 07:12:18'),
(25,	'Hendaru Djumantoro',	'Finance And Administration Manager',	'<p>Hendaru has 25 years of experiences in finance and project&nbsp;management in Indonesia in the field of forestry, fisheries and&nbsp;development of agricultural products. He specializes in building&nbsp;community-based companies (small firms), developing &nbsp;usiness&nbsp;strategies, financial systems and markets for products of natural&nbsp;resources in particular organic products.</p>\r\n\r\n<p>Hendaru has a bachelor&rsquo;s degree in Economy and Development Studies&nbsp;from Open University, Jakarta.&nbsp;His previous working experience includes being attached to Bank Rakyat Indonesia (BRI) from 1991 to&nbsp;1999 where he rose through the ranks of the organization to become the Deputy Director and Micro&nbsp;Finance Analyst.</p>\r\n\r\n<p>He was also previously the Director of Finance for the Telapak Organisation (1999 &ndash; 2004), Deputy&nbsp;Director of Finance and Investments for PT Poros Nusantara Utama (2004 &ndash; 2010), Finance and&nbsp;Administration Manager for Coral Triangle Center (2011) and as the Finance Manager for Perkumpulan&nbsp;Samdhana Institute (2012 &ndash; 2015).</p>\r\n\r\n<p>Through his many roles, he has worked with various communities, including groups of farmers and&nbsp;cooperatives, helping with market development and penetration while encouraging community-based&nbsp;economic institutions, which has been replicated among other farmer groups in Indonesia.</p>\r\n\r\n<p>He was instrumental in helping these communities he has worked with to obtain organic certification&nbsp;for their products that allowed it to be successfully exported to Europe as well as in aiding one other&nbsp;community to obtain the FSC&ndash;Smart Wood Certification for Sustainable Community Forest Management.</p>\r\n',	'<p>Hendaru Djumantoro memiliki 25 tahun pengalaman di bidang keuangan dan manajemen proyek di Indonesia di bidang kehutanan, perikanan dan pengembangan produk pertanian. Ia mengkhususkan diri dalam membangun perusahaan berbasis masyarakat (berskala kecil), mengembangkan strategi bisnis, sistem keuangan dan pasar untuk produk sumber daya alam, khususnya produk organik.</p>  <p>Hendaru mendapatkan gelar sarjana Ekonomi Pembangunan dari Universitas Terbuka, Jakarta. Pengalaman kerja sebelumnya termasuk bekerja di Bank Rakyat Indonesia (BRI) dari tahun 1991 sampai 1999 di mana ia naik melalui jajaran organisasi untuk menjadi Wakil Direktur dan Analis Keuangan Mikro.</p>  <p>Sebelumnya Bapak Hendaru juga menjabat sebagai Direktur Keuangan untuk Organisasi Telapak (1999 - 2004), Wakil Direktur Keuangan dan Investasi untuk PT Poros Nusantara Utama (2004 - 2010), Manajer Keuangan dan Administrasi Coral Triangle Center (2011) dan sebagai Manajer Keuangan Perkumpulan Samdhana Institute (2012 - 2015).</p>  <p>Melalui banyak perannya, Bapak Hendaru telah bekerja dengan berbagai komunitas, termasuk kelompok petani dan koperasi, membantu pengembangan pasar dan penetrasi beserta mendorong institusi ekonomi berbasis masyarakat, yang telah direplikasi di antara kelompok tani lainnya di Indonesia.</p>  <p>Hendaru Djumantoro berperan penting dalam membantu komunitas-komunitas yang telah ia tangani untuk mendapatkan sertifikasi organik untuk produk mereka, sehingga memungkinkan hasil produk mereka berhasil diekspor ke Eropa. Ia juga telah membantu suatu komunitas untuk mendapatkan Sertifikasi Kayu FSC-Smart untuk Pengelolaan Hutan Berbasis Masyarakat Lestari (PHBML).</p>',	7,	5,	'Hendaru-Djumantoro-1.jpg',	'2017-11-01 07:13:18'),
(26,	'Rio Rovihandono',	'Monitoring And Evaluation Manager',	'<p>Rio Rovihandono was previously attached to the&nbsp;Indonesian Biodiversity Foundation, which was the&nbsp;first grant-making foundation in Indonesia. Having&nbsp;joined the organization in 1996, he developed his&nbsp;career there over 12 years as their Sustainable&nbsp;Utilization Manager.</p>\r\n\r\n<p>Prior to that, he was attached to the multi-stakeholder initiative known as the Forestry&nbsp;Program for Forest Law Enforcement and Trade (FLEGT) and the Voluntary Partnership&nbsp;Agreement (VPA) project, both of which where he served as a key member of their&nbsp;management teams.</p>\r\n\r\n<p>Rio is currently a member of the European Forest Institute Facility that was instrumental in&nbsp;assisting the VPA negotiation process between the Indonesian government with that of the&nbsp;European Union governments.</p>\r\n',	'<p>Rio Rovihandono sebelumnya bekerja di Yayasan Keanekaragaman Hayati Indonesia (Yayasan KEHATI), yang merupakan yayasan pembuat hibah pertama di Indonesia. Ia bergabung dengan Yayasan KEHATI pada tahun 1996 dan mengembangkan karirnya di sana selama 12 tahun sebagai Manajer Pemanfaatan Lestari mereka.</p>  <p>Sebelum itu, Bapak Rio bekerja pada inisiatif multipihak yang dikenal sebagai Program Kehutanan untuk Penegakan Hukum dan Perdagangan Kehutanan <em>(FLEGT, Forest Law Enforcement, Governance and Trade)</em> dan proyek Kesepakatan Kemitraan Sukarela <em>(VPA, Voluntary Partnership Agreement)</em>, dimana pada keduanya ia merupakan anggota kunci di tim manajemen mereka.</p>  <p>Rio Rovihandono saat ini adalah anggota <em>European Forest Institute,</em> lembaga yang berperan dalam membantu proses negosiasi VPA antara pemerintah Indonesia dengan pemerintah Uni Eropa.</p>',	7,	5,	'300-rio.jpg',	'2017-11-01 07:14:32'),
(27,	'Yusuf Rahadian',	'GIS Specialist',	'<p>Yusuf Rahadian&nbsp;has a background in Forest Management and Natural Resources Management, and specializes in Remote Sensing (RS) and Geographic Information System (GIS).</p>\r\n\r\n<p>Yusuf Rahadian has a Master of Science degree in Information Technology for Natural Resources Management from Bogor Agricultural University (IPB). He earned his Bachelor&rsquo;s Degree from the School of Forestry of the same university in 2005, studying natural resources, forestry, silviculture and policies.</p>\r\n\r\n<p>Yusuf has more than 10 years experience working for several private and public sector, including the National Development and Planning Agency (Bappenas) and the United Nations Development Program (UNDP) as an independent consultant on multidiscipline issues related to forestry, natural resources management, and policies. He also has prior experience as a Forest Management Specialist on a number of projects in which he applied RS and GIS technologies, a passion he continues to work on until now.</p>\r\n',	'<p>Yusuf Rahadian memiliki latar belakang dalam Pengelolaan Hutan dan Pengelolaan Sumber Daya Alam, dan mengkhususkan diri pada Sistem Penginderaan Jauh <em>(Remote Sensing)</em> dan Sistem Informasi Geografis (SIG).</p>  <p>Yusuf Rahadian memiliki gelar Magister di bidang Teknologi Informasi untuk Pengelolaan Sumber Daya Alam dari Institut Pertanian Bogor (IPB), dan memperoleh gelar Sarjana dari Sekolah Kehutanan di universitas yang sama pada tahun 2005, dimana ia mempelajari sumber daya alam, kehutanan, silvikultur dan kebijakan.</p>  <p>Bapak Yusuf memiliki lebih dari 10 tahun pengalaman bekerja untuk beberapa sektor swasta dan publik, termasuk di Badan Perencanaan dan Pembangunan Nasional (Bappenas) dan di United Nations Development Programme (UNDP) sebagai konsultan independen mengenai isu-isu multidisiplin terkait pengelolaan kehutanan, pengelolaan sumber daya alam, dan kebijakan. Sebelumnya Yusuf Rahadian juga memiliki pengalaman sebelumnya sebagai Spesialis Pengelolaan Hutan pada sejumlah proyek di mana ia menerapkan teknologi Penginderaan Jarak Jauh dan Sistem Informasi Geografis, gairah yang terus ia kerjakan sampai sekarang.</p>',	7,	5,	'YR-New-Photo-768x791.jpg',	'2017-11-01 07:15:37'),
(28,	'Purwowidi Astanto',	'Livelihood And Conflict Management Specialist',	'<p>Purwowidi Astanto was previously attached to Yayasan Pembangunan Citra Insan Indonesia (YPCII) as the Behavior Change Communications &amp; Knowledge Management (BCC &amp; KM) Specialist, focusing on community development, especially in the WASH (Water, Sanitation and Hygiene) and MNCH (Maternal, Neonatal and Children Health) programs.</p>\r\n\r\n<p>Widi has more than 10 years of experience working in various NGO works, including 5 years stationed in Timika, Papua. He specializes in community empowerment, project monitoring and evaluation, capacity building and behavior change communications. He enjoys organizing trainings and workshops, especially using participatory and andragogy methods, making him well-connected with local governments and local communities.</p>\r\n\r\n<p>He earned his Bachelor&rsquo;s Degree majoring in Forest Product Technology from Bogor Agricultural University (IPB).</p>\r\n',	'<p>Purwowidi Astanto sebelumnya bekerja di Yayasan Pembangunan Citra Insan Indonesia (YPCII) sebagai Ahli Komunikasi Perubahan Perilaku (KPP) dan Manajemen Pengetahuan <em>(KM, Knowledge Management)</em>, dengan fokus pada pengembangan masyarakat, khususnya di bidang WASH (<em>Water, Sanitation and Higiene</em> &mdash; Air, Sanitasi dan Kebersihan) dan MNCH (<em>Maternal, Neonatal and Child Health</em> &mdash; Kesehatan Ibu, bayi dan anak).</p>  <p>Bapak Widi memiliki pengalaman lebih dari 10 tahun bekerja di berbagai LSM, dimana ia pernah selama 5 tahun bekerja di Timika, Papua. Ia mengkhususkan diri pada pemberdayaan masyarakat, pemantauan dan evaluasi proyek, pengembangan kapasitas dan komunikasi perubahan perilaku. Ia senang menyelenggarakan pelatihan dan lokakarya, terutama dengan metode partisipatif dan andragogi, yang membuatnya terhubung dengan baik dengan pemerintah daerah dan masyarakat setempat.</p>  <p>Purwowidi Astanto memperoleh gelar Sarjana Teknologi Hasil Hutan dari Institut Pertanian Bogor (IPB).</p>',	7,	5,	'Purwowidi-Astanto-768x791.jpg',	'2017-11-01 07:18:56'),
(29,	'Dina Ariani',	'General Secretary',	'<p>Prior to joining Belantara Foundation, Dina Ariani was an intern at the United Nations Office for REDD+ Coordination in Indonesia (UNORCID). She joined the Communications and Outreach Unit where she was able to develop her knowledge and skills in the environment sector. After completing her internship, she realized that her passion is to work in non-profit organizations.</p>\r\n\r\n<p>Prior to that, Dina was an HR consultant in a Japanese HR Company. She was able to manage and fulfil the company&rsquo;s high target. She studied Politics and Government from the School of Social and Political Sciences in Gadjah Mada University in Yogyakarta.</p>\r\n',	'<p>Sebelum bergabung dengan Yayasan Belantara, Dina Ariani magang di Kantor PBB untuk Koordinasi REDD+ di Indonesia <em>(UNORCID, United Nations Office for REDD+ Coordination in Indonesia)</em>. Ia bergabung dengan Unit Komunikasi dan Penjangkauan <em>(Outreach)</em> dimana dia mampu mengembangkan pengetahuan dan keterampilannya di bidang lingkungan. Setelah menyelesaikan magangnya, ia menyadari bahwa gairahnya adalah bekerja di organisasi nirlaba.</p>  <p>Sebelum itu, Dina Ariani adalah konsultan SDM di sebuah perusahaan SDM dari Jepang. Ia mampu mengelola dan memenuhi target yang tinggi yang diberikan perusahaan. Ia belajar Politik dan Pemerintahan dari Fakultas Ilmu Sosial dan Ilmu Politik di Universitas Gadjah Mada di Yogyakarta.</p>',	7,	5,	'Dina-Ariani-624x604.jpg',	'2017-11-01 07:22:57'),
(30,	'Aditya Kurniawan',	'Commodity And Supply Specialist',	'<p>Prior to joining Belantara Foundation, Aditya works in the Fast-Moving Consumer Goods (FMCG) industry as a Food Safety and Pest Control Specialist for the Indofood Group. He was also an Agronomist and a Pest Control Specialist in a mining corporation, PT. Servo Group. There he collaborated with a Brazilian plantation in developing a precision farming program with an effective technology to be implemented in Indonesia. He was also an entrepreneur, developing freshwater fish ponds specializing in carp fish, as well as developing a product named Steak and Sandwich Clarias.</p>\r\n\r\n<p>Aditya earned his Bachelor&rsquo;s Degree majoring in Pest and Plant Disease from the School of Agriculture of the Gadjah Mada University (UGM). During his studies there, he was active in a joint research with the BPPT Neonet-BPPOPT of the Ministry of Agriculture for agricultural commodity forecasting, as well as consulting for cereals and fruits plantation programs and food safety and pest control programs.</p>\r\n',	'<p>Sebelum bergabung dengan Yayasan Belantara, Aditya Kurniawan bekerja di industri Barang Konsumen yang Bergerak Cepat <em>(FMCG, Fast Moving Consumer Goods)</em> sebagai Ahli Pengendalian Gizi dan Makanan untuk Grup Indofood. Sebelumnya ia juga bekerja sebagai Ahli Agronomi dan Ahli Pengendalian Hama di perusahaan pertambangan, PT. Grup Servo. Di sana Bapak Aditya berkolaborasi dengan perusahaan perkebunan yang berasal dari Brazil dalam mengembangkan program pertanian presisi dengan teknologi yang efektif untuk diterapkan di Indonesia. Sebelumnya ia juga seorang pengusaha, mengembangkan kolam ikan air tawar yang mengkhususkan diri pada ikan mas, sekaligus mengembangkan produk bernama &ldquo;Steak dan Sandwich Clarias&rdquo;.</p>  <p>Aditya memperoleh gelar Sarjana Hama dan Penyakit Tumbuhan dari Fakultas Pertanian, Universitas Gadjah Mada (UGM). Selama masa studinya di sana, ia aktif dalam penelitian bersama dengan BPPT Neonet-BPPOPT Kementerian Pertanian untuk peramalan komoditas pertanian, serta pengkonsultasian untuk program-program perkebunan sereal dan buah-buahan dan program-program pengendalian keamanan pangan dan pengendalian hama.</p>',	7,	5,	'Aditya-Kurniawan-1.jpg',	'2017-11-01 07:25:13'),
(31,	'Indra Dian Pratama',	'Fire Mitigation And Prevention Specialist',	'<p>Indra Dian Pratama has a background in political science at Muhammadiyah University of Yogyakarta. However, his professional interest evolves around the subject of environmental disaster and obliteration management. He began his career by joining the IFRC (International Federation of Red Cross and Red Crescent Societies) in 2006 and was actively involved in disaster management during the earthquakes in Yogyakarta (2006-2009), West Sumatera (2009) and West Java (2009-2011).</p>\r\n\r\n<p>Indra has more than 7 years of experience working for a number of international organizations and private sector, notably at the United Nations Development Program (UNDP) in Indonesia in its BP REDD+, Planning and Funding, Management, as well as Fire Prevention and Mitigation Work Stream-related works.</p>\r\n',	'<p>Indra Dian Pratama memiliki latar belakang di bidang ilmu politik di Universitas Muhammadiyah, Yogyakarta. Namun, minat profesionalnya berkembang seputar masalah pengelolaan bencana alam dan manajemen kerusakan. Dia memulai karirnya dengan bergabung dengan IFRC (<em>International Federation of Red Cross and Red Crescent Societies</em> &mdash; Federasi Internasional Palang Merah dan Bulan Sabit Merah) pada tahun 2006 dan secara aktif terlibat dalam manajemen bencana selama bencana gempa bumi yang terjadi di Yogyakarta (2006-2009), Sumatera Barat (2009) dan Jawa Barat (2009- 2011).</p>  <p>Indra has more than 7 years of experience working for a number of international organizations and private sector, notably at the United Nations Development Program (UNDP) in Indonesia in its BP REDD+, Planning and Funding, Management, as well as Fire Prevention and Mitigation Work Stream-related works.</p>  <p>Bapak Indra memiliki lebih dari 7 tahun pengalaman bekerja di sejumlah organisasi internasional dan sektor swasta, terutama pada inisiatif BP REDD+ dari UNDP<em> (United Nations Development Program </em>&mdash; Program Pembangunan PBB) di Indonesia dalam hal Perencanaan dan Pendanaan, Pengelolaan, serta Pencegahan dan Penanggulangan Kebakaran dan pekerjaan yang berhubungan dengan arus air.</p>',	7,	5,	'bg-624x625.jpg',	'2017-11-01 07:28:07'),
(32,	'Santiaji Wijaya',	'Conservation And Engagement Manager',	'<p>Prior to joining Belantara Foundation, Santiaji Wijaya was an Operational Support at PT Karana Line from 1995 to 2001, a Technical Support Supervisor at PT Mitratama Bangun Nusantara Utama from 2001 to 2004, and a Community Development Supervisor at PT Kasongan Bumi Kencana Gold Mining from 2010 to 2016. He was also a business owner of CV Multi Artha Guna from 2004 to 2010.</p>\r\n\r\n<p>Santiaji received a Business Administration Advance Certificate from Alpha Beta Business College in Sydney, Australia in 1994, followed by a Bachelor&rsquo;s Degree in Business Administration from Open University Jakarta in 2000. He then earned his Master&rsquo;s Degree in Information Technology from Paramadina University, Jakarta in 2002.</p>\r\n\r\n<p>During his works in community empowerment, he succeeded in encouraging local communities to improve their livelihood through various types of partnerships with companies&rsquo; CSR programs, such as provision of tree seedling nursery for a peat reclamation project, road repair projects, paramedic and health facilities, as well as educational and socio-cultural projects.</p>\r\n',	'<p>Sebelum bergabung dengan Yayasan Belantara, Santiaji Wijaya bekerja sebagai Pendukung Operasional di PT Karana Line dari tahun 1995 sampai dengan tahun 2001, seorang Supervisor Pendukung Teknis di PT Mitratama Bangun Nusantara Utama dari tahun 2001 sampai dengan tahun 2004, dan seorang Supervisor Pengembangan Masyarakat di PT Kasongan Bumi Kencana Gold Mining dari tahun 2010 sampai dengan tahun 2016. Ia juga merupakan pemilik bisnis CV Multi Artha Guna dari tahun 2004 sampai dengan tahun 2010.</p>  <p>Bapak Santiaji menerima sertifikat Business Administration Advance Certificate dari Alpha Beta Business College di Sydney, Australia pada tahun 1994, kemudian diikuti oleh gelar Sarjana Administrasi Bisnis dari Fakultas llmu Sosial dan llmu Politik, Universitas Terbuka, Jakarta pada tahun 2000. Ia kemudian meraih gelar Magister di bidang Teknologi Informasi dari Universitas Paramadina, Jakarta pada tahun 2002 .</p>  <p>Selama bekerja di bidang pemberdayaan masyarakat, Santiaji Wijaya berhasil mendorong masyarakat lokal untuk meningkatkan penghidupan mereka melalui berbagai jenis kemitraan dengan program-program CSR perusahaan, seperti penyediaan pembibitan pohon untuk proyek reklamasi gambut, proyek perbaikan jalan, fasilitas paramedis dan kesehatan, serta proyek pendidikan dan sosial budaya.</p>',	7,	5,	'SANTIAJI-WIJAYA-624x605.jpg',	'2017-11-01 07:30:37'),
(33,	'Fauzie Mansyur',	'Finance And Accounting Staff',	'<p>Fauzi Mansyur is Belantara Foundation&rsquo;s Finance and Accounting Staff. Previously, he was the Finance Program Staff at theIndonesian Center for Environmental Law (ICEL) from 2001 to 2014. His role includes preparing financial reports to the organization&rsquo;s various donors and investors.</p>\r\n\r\n<p>Following that, he joined The Samdhana Institute as its Program Administration Staff until 2016. His role includes examining the partners&rsquo; financial reports, especially those financed by the Climate and Land Use Alliance (CLUA) and the Norwegian Agency for Development Cooperation (Norad).</p>\r\n\r\n<p>Fauzi completed his Bachelor&rsquo;s Degree majoring in Economy from Gunadarma University in 2000.</p>\r\n',	'<p>Fauzi Mansyur adalah Staf Keuangan dan Akuntansi Belantara. Sebelumnya, ia adalah Staf Program Keuangan di Pusat Lingkungan Hidup Indonesia <em>(ICEL, Indonesian Center for Environmental Law)</em> dari tahun 2001 sampai dengan tahun 2014. Perannya meliputi mempersiapkan laporan keuangan ke berbagai donor dan investor organisasi.</p>  <p>Selanjutnya Bapak Fauzi bergabung dengan The Samdhana Institute sebagai Staf Administrasi Program sampai dengan tahun 2016. Perannya meliputi memeriksa laporan keuangan para mitra, terutama yang dibiayai oleh Aliansi untuk Iklim dan Pemanfaatan Lahan <em>(CLUA, Climate and Land Use Alliance)</em> dan Badan Kerjasama Pembangunan Norwegia <em>(Norad,&nbsp; Norwegian Agency for Development Cooperation)</em>.</p>  <p>Fauzi Mansyur mendapatkan gelar Sarjana Ekonomi dari Universitas Gunadarma pada tahun 2000.</p>',	7,	5,	'FAUZI-MANSYUR-624x624.jpg',	'2017-11-01 07:31:53'),
(34,	'Aditya Rakhman',	'Grant And Investment Manager',	'<p>Prior to joining Belantara Foundation, Aditya Rakhman worked with the Acceleration Team for New/Renewable Energies that was docked at the Ministry of Energy and Mineral Resources, with a particular focus in exploring possible avenues of scaling up funding interest in the sector. He also spent a considerable amount of time with Indonesia&rsquo;s REDD+ Agency under a UNDP facility, assisting in the design of a funding instrument that would allow the Indonesian &ndash; Norwegian cooperation in emission reduction to materialize.</p>\r\n\r\n<p>His professional interest has always been to explore, harmonize and garner interest of private sectors to invest and participate in the effort towards sustainability that both contribute to conservation as well as maintain a degree of economical sense.</p>\r\n\r\n<p>Holding a Bachelor&rsquo;s Degree in Laws from Universitas Islam Indonesia focusing in Asset Securitization, Aditya then pursued his LLM in International Banking Law and Finance at the University of Edinburgh.</p>\r\n',	'<p>Sebelum bergabung dengan Yayasan Belantara, Aditya Rakhman bekerja Tim Percepatan Energi Baru/Terbarukan di Kementerian Energi dan Sumber Daya Mineral, dengan fokus khusus untuk mengeksplorasi kemungkinan meningkatnya minat pendanaan di sektor ini. Ia juga menghabiskan banyak waktu dengan Lembaga REDD+ Indonesia di bawah fasilitas UNDP, membantu merancang instrumen pendanaan yang memungkinkan terwujudnya kerjasama Indonesia-Norwegia dalam pengurangan emisi terwujud.</p>  <p>Minat profesionalnya selalu untuk mengeksplorasi, menyelaraskan dan mengumpulkan minat sektor swasta untuk berinvestasi dan berpartisipasi dalam upaya menuju keberlanjutan yang keduanya berkontribusi terhadap konservasi sekaligus mempertahankan nilai ekonomi.</p>  <p>Dengan gelar Sarjana Hukum dari Universitas Islam Indonesia yang berfokus pada Sekuritisasi Aset, Bapak Aditya kemudian menempuh LLM <em>(Latin Legum Magister)</em> dalam Hukum Perbankan Internasional dan Keuangan di Universitas Edinburgh.</p>',	7,	5,	'Aditya-Rakhman-edited-624x624.jpg',	'2017-11-01 07:32:38'),
(35,	'Dorisman Putra',	'IT And System Specialist',	'<p>Dorisman Putra has background in computer science, and specializes in Web and Database Programming. Dorisman Putra is Bachelor Science for Computer Science, from Faculty Mathematics and Natural Science of Bogor Agricultural University (IPB) in Year 2010.</p>\r\n\r\n<p>Dorisman Putra has more than 6 year experiences working for several private and public sector as employee or as independent consultant on multidiscipline issues related to Computer Science especially on Web and Database Programming.</p>\r\n',	'<p>Dorisman Putra memiliki latar belakang dalam ilmu komputer, dan menspesialisasi dalam Pemrograman Web dan Database. Bapak Doris merupakan Sarjana Ilmu Komputer dari Fakultas Matematika dan Ilmu Pengetahuan Alam, Institut Pertanian Bogor (IPB) dan memperolehnya pada&nbsp; tahun 2010.</p>  <p>Dorisman Putra memiliki pengalaman lebih dari 6 tahun bekerja pada beberapa perusahaan ataupun organisasi sektor swasta dan publik sebagai karyawan ataupun sebagai konsultan independen mengenai isu-isu multidisiplin yang terkait dengan Ilmu Komputer, khususnya pada Pemrograman Web dan Database.</p>',	7,	5,	'dorisman_putra.png',	'2017-11-01 07:35:18'),
(36,	'Betha Nopianti',	'Communication Officer',	'<p>Before joining in Belantara Foundation, Betha Nopianti had worked at PT. Bahari Jaya Sejahtera which is a service company (consultancy) in the field of ports from 2012 until 2016, she served as the head of the division of tenders and marketing. She led the team to manage and organize the company administration in the auction process.</p>\r\n\r\n<p>Betha is graduated from the University of Islam Bandung in 2011 and received a bachelor&rsquo;s degree in communication, with major in Public Relations.</p>\r\n\r\n<p>She started working with Belantara Foundation in early 2017 as a board secretary, serving as a liaison between members of the Belantara Foundation board member and management.</p>\r\n',	'<p>Sebelum bergabung di Yayasan Belantara, Betha Nopianti pernah bekerja di PT. Bahari Jaya Sejahtera yang merupakan perusahaan jasa konsultansi di bidang perlabuhan dari tahun 2012 sampai dengan tahun 2016, ia menjabat sebagai kepala divisi tender dan pemasaran. Ibu Betha memimpin tim untuk mengelola dan mengatur administrasi perusahaan dalam proses pelelangan.</p>  <p>Ibu Betha lulus dari Universitas Islam Bandung pada tahun 2011 dan memperoleh gelar sarjana dalam bidang komunikasi, dengan jurusan Public Relations.</p>  <p>Betha Nopianti mulai bekerja dengan Yayasan Belantara pada awal 2017 sebagai sekretaris dewan, yang merupakan penghubung antara anggota dewan dan manajemen Yayasan Belantara.</p>',	7,	5,	'betha_nopianti.png',	'2017-11-01 07:36:48'),
(37,	'Wiwit Puspaningtyas',	'Disbursement Officer',	'<p>Wiwit Puspaningtyas is graduated in 2008 with a Bachelor of Arts in Economics from the University of Mercu Buana and has more than 10 years experience in finance administration.</p>\r\n\r\n<p>She had worked in Siloam Hospital from 2001 to 2002 in the outpatient administration. In 2002 until 2012 she joined PT. Bank Mandiri, Tbk as a teller, after that work in the administration department General Ministry of Health from 2013 until 2014.</p>\r\n\r\n<p>In 2015 she joined Coffey International Development, AIPHSS Project (Australia Indonesia Partnership for Health System Strengthening) as a finance administration and the latter in 2016 she worked as a finance staff member at the Association for Community and Ecology-Based Law Reform (HuMa).</p>\r\n\r\n<p>Wiwit Puspaningtyas joins the Belantara Foundation in 2017 as a finance officer (disbursement), whose duties are to manage finances related to payments, and office expenses.</p>\r\n',	'<p>Wiwit Puspaningtyas lulus pada tahun 2008 dengan gelar Sarjana Ekonomi dari Universitas Mercu Buana dan memiliki pengalaman lebih dari 10 tahun pada bidang administrasi keuangan.</p>  <p>Ibu Wiwit pernah bekerja di Rumah Sakit Siloam dari tahun 2001 sampai dengan tahun 2002 dalam administrasi rawat jalan. Pada tahun 2002 sampai dengan tahun 2012 ia bergabung dengan PT. Bank Mandiri, Tbk selaku teller, setelah itu ia bekerja di Kementerian Kesehatan pada bagian departemen administrasi dari tahun 2013 sampai dengan tahun 2014.</p>  <p>Pada tahun 2015, ia bergabung dengan Coffey International Development, Proyek AIPHSS <em>(Australia Indonesia Partnership for Health System Strengthening)</em> sebagai administrator keuangan, selanjutnya pada tahun 2016, Ibu Wiwit bekerja sebagai staf keuangan di Asosiasi untuk Pembaharuan Hukum Berbasis Masyarakat dan Ekologis (HuMa).</p>  <p>Wiwit Puspaningtyas bergabung dengan Yayasan Belantara pada tahun 2017 sebagai petugas keuangan (bagian pencairan), yang bertugas mengelola keuangan terkait pembayaran dan biaya kantor.</p>',	7,	5,	'wiwit_puspaningtyas-1-624x832.png',	'2017-11-01 07:38:01'),
(38,	'Tony Sumampau',	'Chair',	'<p>Tony Sumampau is the Owner and President Commissioner of Taman Safari Indonesia Group, an Indonesian based conservation institution. He has also been the Chairman of Indonesian Wildlife Conservation Forum (FOKSI) since 1997 and the Secretary General of Indonesia Zoos and Aquariums Association from 2005.</p>\r\n\r\n<p>Mr. Sumampau has been involved in conservation efforts for more than 40 years, especially looking at Indonesian endemic and endangered species. In 1992 he coordinated the Sumatran Tiger Populations and Habitat Viability Analysis (PHVA), from 1995 to 1998 he managed the Sumatran Rhino Sanctuary (SRS) in Way Kambas National Park, Lampung and has participated in several Sumatran Rhino Conservation Programs since 1994. He has also been Chairman of Bali Mynah Conservation Society since 2005 and is actively involved in the Javan Leopard Forum.</p>\r\n\r\n<p>Mr. Sumampau has also received numerous awards for his work in conservation including recognition for his role in protecting the Javan and Sumatran Rhino by WWF and being granted the Satya Lencana Award for Building Conservation Activity in Indonesia from the President Republic of Indonesia in 2006.</p>\r\n',	'',	12,	5,	'Tony-Sumampau_Belantara-AdvisoryBoard_300px.jpg',	'2017-11-01 10:27:56'),
(39,	'Dr. Tony Juniper',	'Vice Chair',	'<p>Dr. Tony Juniper is an independent sustainability and environment adviser, including Special Advisor with the Prince of Wales&rsquo;s International Sustainability Unit, Fellow with the University of Cambridge Institute for Sustainability Leadership and co-founder of sustainability consultancy group, Robertsbridge.</p>\r\n\r\n<p>He is also President of the Wildlife Trusts, President of the Society for the Environment and a trustee of Fauna and Flora International and Resurgence-Ecologist. Dr. Juniper speaks and writes widely on conservation and sustainability themes and is the author of many books, including the multi-award winning best-seller&nbsp;<em>What has Nature ever done for us?&nbsp;</em>which was published in 2013.</p>\r\n\r\n<p>He began his career as an ornithologist, working with Birdlife International. From 1990 he worked at Friends of the Earth, initially leading the campaign for the tropical rainforests and from 2003-2008, was the organisation&rsquo;s executive director. From 2000-2008 he was Vice Chair of Friends of the Earth International.</p>\r\n\r\n<p>Dr. Juniper was the first recipient of the Charles and Miriam Rothschild medal (2009) and was awarded honorary Doctor of Science degrees from the Universities of Bristol and Plymouth (2013). In 2016 he was declared as a Professor of Practice at the University of Wales Trinity St David. His latest book,&nbsp;<em>What is really happening to our planet?: the facts simply explained</em>, will be published in June 2016.</p>\r\n',	'',	12,	5,	'Dr-Tony-Juniper_Belantara-AdvisoryBoard_300px.jpg',	'2017-11-01 10:28:49'),
(40,	'Hans-Jürgen Matern',	'Member',	'<p>Hans-J&uuml;rgen Matern is Vice President, Corporate Responsibility at the global retailer, METRO GROUP.</p>\r\n\r\n<p>Between 1981 and 1989 he held the position of Head of Research &amp; Development / Quality Management in the German Food Industry before joining METRO Germany in 1990. At METRO he was responsible for the development of Quality Management into an international department within the business, covering the whole food and non-food business and assuring fulfillment of legal and company requirements in the stores. In 2011 he took over the position as Head of Corporate Responsibility for the whole of METRO GROUP and has represented the company at the World Economic Forum and The Consumer Goods Forum where he chaired the Global Food Safety Initiative between 2010 and 2012.</p>\r\n\r\n<p>Since 2014 Mr. Matern has focused on special Projects as Vice President for Corporate Responsible Projects at METRO.</p>\r\n',	'',	12,	5,	'Hans-Jürgen-Matern_Belantara-AdvisoryBoard_300px.jpg',	'2017-11-01 10:29:30'),
(41,	'Suzanne Gendron',	'Member',	'<p>With 38 years of experience working in the field of animal care and conservation for zoos and aquariums, Ms Gendron is highly experienced in managing the acquisition, medical and husbandry care of live animal collections, as well as education programs and the training of husbandry staff.</p>\r\n\r\n<p>Under Ms Gendron&rsquo;s leadership, the Park has been collaborating with the Ocean Park Conservation Foundation Hong Kong (OPCFHK) to foster biodiversity conservation while supporting conservation research and projects in Hong Kong and across Asia, funding a total of 31 wildlife conservation and scientific projects in six countries in 2015/16.</p>\r\n\r\n<p>Currently, Ms Gendron is the Executive Director of Zoological Operations &amp; Education at Ocean Park Hong Kong, responsible for the strategic direction for the Park&rsquo;s conservation and education efforts, as well as overseeing the Park&rsquo;s animal care and veterinary services.&nbsp;Prior to joining Ocean Park in 1998, Ms Gendron had been working with Sea World California, USA and SeaWorld Indonesia where she was heavily involved in animal care and increasing public awareness on conservation for coral reefs and the marine environment of Indonesia.</p>\r\n\r\n<p>Ms Gendron also devotes her efforts to contribute to the zoological industry. Currently, she serves as the Foundation Director of Ocean Park Conservation Foundation Hong Kong; Board Member for the Association of Zoos and Aquariums (AZA); Chair for the Aquarium committee of the World Association of Zoos and Aquariums (WAZA) and Committee Member for the WAZA Membership and Conservation committees;&nbsp;Committee Member of the AZA Marine Mammal Taxon Advisory Group; Board liaison for the&nbsp;AZA Aquarium committee; and Member of the Zoos and Aquariums Committee for the International Association of Amusement Parks and Attractions (IAAPA).</p>\r\n',	'',	12,	5,	'Suzanne-Gendron_Belantara-AdvisoryBoard_300px.jpg',	'2017-11-01 10:33:43'),
(42,	'Professor Francesco Bertolini',	'Member',	'<p>Professor Francesco Bertolini is President and one of the founders of Green Management Institute, a research centre in sustainability and environmental innovation in Italy. During his career he has worked for many public and private sector organizations, evaluating their environmental choices.</p>\r\n\r\n<p>Prof Bertolini speaks frequently at sustainability events and seminars and is also a columnist in a leading Italian newspaper and a regular studio guest on Italian National TV.</p>\r\n\r\n<p>He is a professor of public policy and management at Bocconi University Business School, where he develops research about the economic implications of environmental innovations.</p>\r\n\r\n<p>For many years, his main contribution to sustainability has been his research of the most interesting and innovative companies in sustainability terms. Specifically, his research has focused on those companies who have committed to placing sustainability at the heart of their business operations and driving the circular economy.</p>\r\n\r\n<p>Prof Bertolini has also supported industries in capacity building activities alongside the OECD and he has been involved in training programs with the World Bank.</p>\r\n',	'',	12,	5,	'Professor-Francesco-Bertolini_Belantara-AdvisoryBoard_300px.jpg',	'2017-11-01 10:34:29'),
(43,	'Mark Buckley',	'Member',	'<p>Mark Buckley directs Staples&rsquo; global environmental and sustainable business practices. He is responsible for driving the company&rsquo;s sustainability efforts in these areas: the development of more sustainable products, packaging and services; customer recycling solutions; internal waste reduction; the development of global carbon reduction and renewable energy strategies; as well as environmental education for customers and associates focused on sustainable business solutions. Mr. Buckley has been working for Staples for 25 years and has been in his current role for 13 years. Previous to this, he was Vice President of Facilities Management and Purchasing, where he directed company-wide recycling and energy conservation programs.</p>\r\n\r\n<p>Mr. Buckley is an active member of several environmental and non-profit organizations, including The Boreal Business Forum, the Forest Legality Alliance, the Carbon Canopy and the Advisory Council for the Product Stewardship Institute. He is also a board member of John Andrew Mazie Foundation and Earth Force, a US based environmental education organization.</p>\r\n',	'',	12,	5,	'Mark-Buckley_Belantara-AdvisoryBoard_300px.jpg',	'2017-11-01 10:34:57'),
(44,	'Daping Xu',	'Member',	'<p>Daping Xu received his bachelor&rsquo;s degree in forestry in 1984 from Nanjing Forestry University and then worked at the Research Institute of Tropical Forestry, Chinese Academy of Forestry.</p>\r\n\r\n<p>His early research was focused on the selection and cultivation of Australian fast growing broad leaf trees in China, especially eucalyptus. Daping also spent time studying at Murdoch University in Australia, where he specialized in improving productivity and sustainable management of eucalypt plantations. He completed his PhD in 2001.</p>\r\n\r\n<p>He returned to China as a research professor and his studies focused on water use in eucalyptus plantations. He found that the species used less water in south China than other countries as a result of a smaller vapor pressure deficit, smaller leaf area index and less soil water supply on the mountainous and hilly forest land in the region.</p>\r\n\r\n<p>Since 2003, Mr. Xu has also studied trends in the harvesting of high value tropical timber and has conducted feasibility studies around establishing species such as Dalbergia and Pterocarpus in plantations.</p>\r\n\r\n<p>Mr. Xu has published more than 80 papers and four books related to forestry.</p>\r\n',	'',	12,	5,	'Daping-Xu_Belantara-AdvisoryBoard_300px.jpg',	'2017-11-01 10:35:35'),
(45,	'Prof. Dr. Ir. T. A. Fauzi Soelaiman',	'Member',	'<p>Prof. Dr. Ir. T. A. Fauzi Soelaiman has been the Ambassador of the Republic of Indonesia to UNESCO (the United Nations Educational, Scientific and Cultural Organization) since 2015. He has had a distinguished career in academia as a lecturer and researcher at the Bandung Institute of Technology (ITB) and representing Indonesia as a diplomat in education, scientific, and cultural affairs. Prof. Soelaiman is a prolific scientist with dozens of publications and many patents to his name, especially in the field of mechanical engineering. He is also a member of the World Energy Council and the Indonesian Renewable Energy Society.</p>\r\n\r\n<p>Prof. Soelaiman&rsquo;s primary area of expertise is energy conversion, and he has made great contributions to improving engine efficiency. He is also recognized as a leading mind in the fields of geothermal energy, thermodynamics, wind power, clean energy and petrochemicals.</p>\r\n',	'',	12,	5,	'new-300.jpg',	'2017-11-01 10:36:04'),
(46,	'Tensie Whelan',	'Member',	'<p>Tensie Whelan, currently Clinical Professor of Business and Society, and Director, Center for Sustainable&nbsp;Business at New York University Stern School of Business, has 25 years of experience working &nbsp;n local,&nbsp;national and international environmental and sustainability issues. As President of the Rainforest&nbsp;Alliance, she built the organization from a $4.5 million to $50 million budget, transforming the&nbsp;engagement of business with sustainability, recruiting 5,000 companies in more than 60 countries to&nbsp;work with Rainforest Alliance. Tensie has been recognized by Ethisphere as one of the 100 Most&nbsp;Influential People in Business Ethics, and was the Citi Fellow in Leadership and Ethics at NYU Stern in&nbsp;2015 and has served on numerous nonprofit boards and corporate advisory boards.</p>\r\n',	'',	12,	5,	'Tensie-Whelan.jpg',	'2017-11-01 10:37:17');

DROP TABLE IF EXISTS `podcast`;
CREATE TABLE `podcast` (
  `id` varchar(255) NOT NULL DEFAULT '',
  `id_podcast` varchar(255) NOT NULL DEFAULT '',
  `id_bahasa` varchar(255) NOT NULL DEFAULT '',
  `waktu` date NOT NULL DEFAULT '0000-00-00',
  `judul` varchar(255) NOT NULL DEFAULT '',
  `video` varchar(255) NOT NULL DEFAULT '',
  `image` varchar(255) DEFAULT NULL,
  `view` int(11) DEFAULT NULL,
  PRIMARY KEY (`id`)
) ENGINE=InnoDB DEFAULT CHARSET=latin1;

INSERT INTO `podcast` (`id`, `id_podcast`, `id_bahasa`, `waktu`, `judul`, `video`, `image`, `view`) VALUES
('1',	'111',	'en',	'2010-03-29',	'Test Podcast',	'01.flv',	NULL,	NULL),
('3',	'333',	'',	'2007-03-07',	'asas',	'02.flv',	NULL,	NULL),
('4',	'444',	'',	'2011-07-14',	'nOKIA cONNECTING PEOPLE',	'03.flv',	NULL,	NULL),
('5',	'555',	'',	'2012-06-12',	'Egg Drop',	'04.flv',	NULL,	NULL),
('6',	'666',	'',	'2011-09-02',	'Nidji',	'01.flv',	NULL,	NULL),
('afb1d38b421e17da0e3a53888c506b58',	'f06de7b92df3cfad0467d1e55d1adc20',	'',	'2008-02-03',	'ngetest',	'488e9c0a27a61112485769f1cea52c90391524bf.flv',	'',	NULL),
('dfghdfghdfghdfg',	'222',	'id',	'2010-03-29',	'2010, 18 Inovasi IPB',	'03.flv',	NULL,	NULL),
('f531463e3be3ef21c5ec7f6610ff6997',	'74c69ca6fdc4e1c91b3b1be4d9b5d681',	'',	'2008-02-03',	'est',	'a142481e82732e37de52e55f2b61b250fb1bd800.flv',	'',	NULL);

DROP TABLE IF EXISTS `ref_category_employee`;
CREATE TABLE `ref_category_employee` (
  `id` int(11) NOT NULL AUTO_INCREMENT,
  `category_EN` varchar(225) NOT NULL,
  `category_ID` varchar(225) NOT NULL,
  PRIMARY KEY (`id`)
) ENGINE=InnoDB DEFAULT CHARSET=latin1;

INSERT INTO `ref_category_employee` (`id`, `category_EN`, `category_ID`) VALUES
(7,	'Management',	'Management'),
(9,	'Board Of Trustees',	'Board Of Trustees'),
(10,	'Supervisory Board',	'Supervisory Board'),
(11,	'Executive Board',	'Executive Board'),
(12,	'Advisory Board',	'Advisory Board');

DROP TABLE IF EXISTS `ref_sub_category_employee`;
CREATE TABLE `ref_sub_category_employee` (
  `id` int(11) NOT NULL AUTO_INCREMENT,
  `sub_category` varchar(225) NOT NULL,
  PRIMARY KEY (`id`)
) ENGINE=InnoDB DEFAULT CHARSET=latin1;

INSERT INTO `ref_sub_category_employee` (`id`, `sub_category`) VALUES
(1,	'Board Of Trustees'),
(2,	'Supervisory Boards'),
(3,	'Executive Boards'),
(4,	'Board Of Trustees'),
(5,	'');

DROP TABLE IF EXISTS `sf_guard_group`;
CREATE TABLE `sf_guard_group` (
  `id` int(11) NOT NULL AUTO_INCREMENT,
  `name` varchar(255) DEFAULT NULL,
  `description` text,
  `created_at` datetime NOT NULL,
  `updated_at` datetime NOT NULL,
  PRIMARY KEY (`id`),
  UNIQUE KEY `name` (`name`)
) ENGINE=InnoDB DEFAULT CHARSET=latin1;

INSERT INTO `sf_guard_group` (`id`, `name`, `description`, `created_at`, `updated_at`) VALUES
(1,	'admin',	'Administrator group',	'2010-04-20 10:29:29',	'2010-04-20 10:29:29'),
(4,	'GM',	'Grant Manager',	'2017-11-25 01:26:04',	'2017-11-25 01:26:04'),
(5,	'comittee',	'Comittee',	'2017-11-25 01:26:31',	'2017-11-25 01:26:31'),
(6,	'BM',	'Board Meeting',	'2017-11-25 01:26:49',	'2017-11-25 01:26:49'),
(7,	'applican',	'Applican submit',	'2017-11-25 01:27:22',	'2017-11-25 01:27:22');

DROP TABLE IF EXISTS `sf_guard_group_permission`;
CREATE TABLE `sf_guard_group_permission` (
  `group_id` int(11) NOT NULL DEFAULT '0',
  `permission_id` int(11) NOT NULL DEFAULT '0',
  `created_at` datetime NOT NULL,
  `updated_at` datetime NOT NULL,
  PRIMARY KEY (`group_id`,`permission_id`),
  KEY `sf_guard_group_permission_permission_id_sf_guard_permission_id` (`permission_id`),
  CONSTRAINT `sf_guard_group_permission_group_id_sf_guard_group_id` FOREIGN KEY (`group_id`) REFERENCES `sf_guard_group` (`id`) ON DELETE CASCADE,
  CONSTRAINT `sf_guard_group_permission_permission_id_sf_guard_permission_id` FOREIGN KEY (`permission_id`) REFERENCES `sf_guard_permission` (`id`) ON DELETE CASCADE
) ENGINE=InnoDB DEFAULT CHARSET=latin1;

INSERT INTO `sf_guard_group_permission` (`group_id`, `permission_id`, `created_at`, `updated_at`) VALUES
(1,	1,	'2010-04-20 10:29:29',	'2010-04-20 10:29:29'),
(1,	2,	'2010-04-20 10:29:29',	'2010-04-20 10:29:29'),
(1,	3,	'2010-04-20 10:29:29',	'2010-04-20 10:29:29'),
(1,	4,	'2010-04-20 10:29:29',	'2010-04-20 10:29:29'),
(1,	5,	'2010-04-20 10:29:29',	'2010-04-20 10:29:29'),
(1,	8,	'2010-04-20 10:29:30',	'2010-04-20 10:29:30');

DROP TABLE IF EXISTS `sf_guard_permission`;
CREATE TABLE `sf_guard_permission` (
  `id` int(11) NOT NULL AUTO_INCREMENT,
  `name` varchar(255) DEFAULT NULL,
  `description` text,
  `created_at` datetime NOT NULL,
  `updated_at` datetime NOT NULL,
  PRIMARY KEY (`id`),
  UNIQUE KEY `name` (`name`)
) ENGINE=InnoDB DEFAULT CHARSET=latin1;

INSERT INTO `sf_guard_permission` (`id`, `name`, `description`, `created_at`, `updated_at`) VALUES
(1,	'admin',	'Administrator permission',	'2010-04-20 10:29:29',	'2010-04-20 10:29:29'),
(2,	'cms_admin',	'Executive control of the CMS',	'2010-04-20 10:29:29',	'2010-04-20 10:29:29'),
(3,	'media_admin',	'Media admin',	'2010-04-20 10:29:29',	'2010-04-20 10:29:29'),
(4,	'media_upload',	'Media upload',	'2010-04-20 10:29:29',	'2010-04-20 10:29:29'),
(5,	'blog_admin',	'Can edit and delete anyone\'s blog posts, etc. (Also applies to events)',	'2010-04-20 10:29:29',	'2010-04-20 10:29:29'),
(6,	'guest',	'Guest permission',	'2010-04-20 10:29:29',	'2010-04-20 10:29:29'),
(7,	'blog_author',	'Can post new blog posts, and also edit and delete their own. (Also applies to events)',	'2010-04-20 10:29:30',	'2010-04-20 10:29:30'),
(8,	'view_locked',	'View locked pages',	'2010-04-20 10:29:30',	'2010-04-20 10:29:30');

DROP TABLE IF EXISTS `sf_guard_user`;
CREATE TABLE `sf_guard_user` (
  `id` int(11) NOT NULL AUTO_INCREMENT,
  `name` varchar(225) NOT NULL,
  `username` varchar(128) NOT NULL,
  `algorithm` varchar(128) NOT NULL DEFAULT 'sha1',
  `salt` varchar(128) DEFAULT NULL,
  `password` varchar(128) DEFAULT NULL,
  `is_active` tinyint(1) DEFAULT '0',
  `is_super_admin` tinyint(1) DEFAULT '0',
  `last_login` datetime DEFAULT NULL,
  `created_at` datetime NOT NULL,
  `updated_at` datetime NOT NULL,
  PRIMARY KEY (`id`),
  UNIQUE KEY `username` (`username`),
  KEY `is_active_idx_idx` (`is_active`)
) ENGINE=InnoDB DEFAULT CHARSET=latin1;

INSERT INTO `sf_guard_user` (`id`, `name`, `username`, `algorithm`, `salt`, `password`, `is_active`, `is_super_admin`, `last_login`, `created_at`, `updated_at`) VALUES
(4,	'Ahmad Luky Ramdani',	'ahmadluki',	'sha1',	'9cd92e76220214ebff7c6ef6edf925ee',	'ca37fb5e14a4fc4c899cdd189ea5a75064a18187',	1,	1,	'2017-11-30 20:01:48',	'2010-07-02 19:25:32',	'2015-11-30 21:24:24'),
(9,	'comittee',	'comittee',	'sha1',	'5a18b99016f8f',	'd118e786c836f815d0e62bec4031dc3d07d5b8db',	1,	5,	'2017-11-25 01:30:08',	'2017-11-25 01:30:08',	'2017-11-25 01:30:08'),
(10,	'bm',	'bm',	'sha1',	'5a18b9a058290',	'bf66313232f2cfe0b2b9b75fae0d514d6faf81e0',	1,	6,	'2017-11-25 01:30:24',	'2017-11-25 01:30:24',	'2017-11-25 01:30:24'),
(12,	'gm@gmail.com',	'gm@gmail.com',	'sha1',	'5a18c370172e9',	'b80d9507c553b81e6794a544cdae42e384569391',	1,	4,	'2017-12-05 11:29:01',	'2017-11-25 02:12:16',	'2017-11-25 02:12:16'),
(16,	'ahmad luky',	'luky.lucky24@gmail.com',	'sha1',	'Vy,NRXMO',	'290b6445092c15526cfed80f521c02efb7b01e37',	1,	7,	'2017-12-05 09:41:57',	'2017-11-25 08:40:19',	'2017-11-25 08:40:19'),
(17,	'luky',	'luky@yahoo.com',	'sha1',	'brG8Y.I-',	'cd1076cd1a44fe5f998f83147d67d1cdd394a8d7',	1,	7,	'2017-12-01 09:50:17',	'2017-12-01 08:47:57',	'2017-12-01 08:47:57');

DROP TABLE IF EXISTS `sf_guard_user_group`;
CREATE TABLE `sf_guard_user_group` (
  `user_id` int(11) NOT NULL DEFAULT '0',
  `group_id` int(11) NOT NULL DEFAULT '0',
  `created_at` datetime NOT NULL,
  `updated_at` datetime NOT NULL,
  PRIMARY KEY (`user_id`,`group_id`),
  KEY `sf_guard_user_group_group_id_sf_guard_group_id` (`group_id`),
  CONSTRAINT `sf_guard_user_group_group_id_sf_guard_group_id` FOREIGN KEY (`group_id`) REFERENCES `sf_guard_group` (`id`) ON DELETE CASCADE,
  CONSTRAINT `sf_guard_user_group_user_id_sf_guard_user_id` FOREIGN KEY (`user_id`) REFERENCES `sf_guard_user` (`id`) ON DELETE CASCADE
) ENGINE=InnoDB DEFAULT CHARSET=latin1;

INSERT INTO `sf_guard_user_group` (`user_id`, `group_id`, `created_at`, `updated_at`) VALUES
(4,	1,	'2010-07-02 19:25:32',	'2010-07-02 19:25:32');

DROP TABLE IF EXISTS `sf_guard_user_permission`;
CREATE TABLE `sf_guard_user_permission` (
  `user_id` int(11) NOT NULL DEFAULT '0',
  `permission_id` int(11) NOT NULL DEFAULT '0',
  `created_at` datetime NOT NULL,
  `updated_at` datetime NOT NULL,
  PRIMARY KEY (`user_id`,`permission_id`),
  KEY `sf_guard_user_permission_permission_id_sf_guard_permission_id` (`permission_id`),
  CONSTRAINT `sf_guard_user_permission_permission_id_sf_guard_permission_id` FOREIGN KEY (`permission_id`) REFERENCES `sf_guard_permission` (`id`) ON DELETE CASCADE,
  CONSTRAINT `sf_guard_user_permission_user_id_sf_guard_user_id` FOREIGN KEY (`user_id`) REFERENCES `sf_guard_user` (`id`) ON DELETE CASCADE
) ENGINE=InnoDB DEFAULT CHARSET=latin1;


DROP TABLE IF EXISTS `slide_image`;
CREATE TABLE `slide_image` (
  `id` varchar(255) NOT NULL DEFAULT '',
  `type_name` varchar(255) NOT NULL,
  `image` varchar(255) NOT NULL,
  `deskripsi` varchar(255) NOT NULL,
  `link` varchar(255) DEFAULT NULL,
  `look` tinyint(1) NOT NULL DEFAULT '0',
  `position` varchar(50) DEFAULT NULL,
  PRIMARY KEY (`id`)
) ENGINE=InnoDB DEFAULT CHARSET=latin1;

INSERT INTO `slide_image` (`id`, `type_name`, `image`, `deskripsi`, `link`, `look`, `position`) VALUES
('15781d8f4a9fd70dab4a5a1f174b9cb9',	'Announcement',	'0d5c3086518a0fef210a3b6134a8f12759ff18f6.jpg',	'',	NULL,	0,	'left'),
('6c374083ee4de3238acbc6928f506ff5',	'Seminar ',	'/tmp/phpOGE9XT',	'',	NULL,	0,	NULL),
('6cea1ef234743e74f40cc0242f32ad52',	'Dies',	'/tmp/phpRScJu6',	'',	NULL,	1,	NULL),
('a8261c88fe7924a6a948a2ed7e6a2d04',	'Agenda Pusat dan Mahasiswa',	'/tmp/phpvxthfJ',	'',	NULL,	1,	NULL),
('b0b18cf3b6f35f3d4dfdf83d22c6ddde',	'Jalur Pendaftaran IPB',	'/tmp/phpczslLg',	'',	NULL,	0,	NULL),
('ea5c80f1e03ac8eff71e74bbffac3a85',	'Info HUMAS',	'/tmp/php2fYnsJ',	'',	NULL,	1,	NULL),
('f1c2dbb1f15dbbfee134390bbee4a528',	'Admission of IPB Undergraduate 2011',	'/tmp/phpwa6GA7',	'',	NULL,	1,	NULL),
('f87305af010f0af8438776482e2914e3',	'Events',	'/tmp/phpuflcEp',	'',	NULL,	1,	NULL);

DROP TABLE IF EXISTS `slide_image_new`;
CREATE TABLE `slide_image_new` (
  `id` varchar(255) NOT NULL DEFAULT '',
  `image` varchar(255) NOT NULL,
  `title` varchar(255) NOT NULL,
  `title_en` varchar(255) NOT NULL,
  `deskripsi` varchar(255) NOT NULL,
  `deskripsi_en` varchar(255) NOT NULL,
  `tanggal` datetime NOT NULL DEFAULT '0000-00-00 00:00:00' ON UPDATE CURRENT_TIMESTAMP,
  PRIMARY KEY (`id`)
) ENGINE=InnoDB DEFAULT CHARSET=latin1;

INSERT INTO `slide_image_new` (`id`, `image`, `title`, `title_en`, `deskripsi`, `deskripsi_en`, `tanggal`) VALUES
('01168a1585475a0edc54a00b086d3e2b',	'conserve-indonesia-natural-environment-slider3.jpg',	'Conserve Indonesia Natural Environment',	'Conserve Indonesia Natural Environment',	'Conserve Indonesia Natural Environment',	'Conserve Indonesia Natural Environment',	'2017-11-18 16:33:57'),
('4f6cc2e08bbec1a6d9c351ff1911dea6',	'conserve-indonesia-natural-environment-slider2.jpg',	'Conserve Indonesia Natural Environment',	'Conserve Indonesia Natural Environment',	'Conserve Indonesia Natural Environment',	'Conserve Indonesia Natural Environment',	'2017-11-18 10:28:59'),
('ad8201c6c7ba8ba084af0e19737c3ea6',	'conserve-indonesia-natural-environment-slider1.jpg',	'Conserve Indonesia Natural Environment',	'Conserve Indonesia Natural Environment',	'Conserve Indonesia Natural Environment',	'Conserve Indonesia Natural Environment',	'2017-11-18 10:28:34'),
('e4cda6fbe0dd31a697f74fca0f9f9380',	'conserve-indonesia-natural-environment-slider.jpg',	'Conserve Indonesia Natural Environment',	'Conserve Indonesia Natural Environment',	'Conserve Indonesia Natural Environment ',	'Conserve Indonesia Natural Environment',	'2017-11-18 10:26:08');

DROP TABLE IF EXISTS `slot`;
CREATE TABLE `slot` (
  `idslot` int(11) NOT NULL AUTO_INCREMENT,
  `type` varchar(64) NOT NULL,
  `content_ID` text NOT NULL,
  `content_EN` text NOT NULL,
  `create_date` datetime NOT NULL,
  PRIMARY KEY (`idslot`)
) ENGINE=InnoDB DEFAULT CHARSET=latin1;


DROP TABLE IF EXISTS `social_media`;
CREATE TABLE `social_media` (
  `id` int(11) NOT NULL AUTO_INCREMENT,
  `nama` varchar(225) NOT NULL,
  `link` varchar(225) NOT NULL,
  `urutan` int(11) NOT NULL,
  `icon` varchar(225) NOT NULL,
  PRIMARY KEY (`id`)
) ENGINE=InnoDB DEFAULT CHARSET=latin1;

INSERT INTO `social_media` (`id`, `nama`, `link`, `urutan`, `icon`) VALUES
(1,	'Facebook',	'https://www.facebook.com/BelantaraFoundation/',	1,	'fa fa-facebook'),
(2,	'Twitter',	'https://twitter.com/belantara',	2,	'fa fa-twitter'),
(3,	'Instagram',	'https://instagram.com/belantara_found',	3,	'fa fa-instagram'),
(4,	'Youtube',	'https://www.youtube.com/channel/UCqfoC1TtQihrB_nYnKIFJYQ',	4,	'fa fa-youtube');

DROP TABLE IF EXISTS `tag-berita`;
CREATE TABLE `tag-berita` (
  `id` varchar(255) NOT NULL,
  `name` varchar(100) NOT NULL,
  `is_triple` tinyint(1) NOT NULL,
  `triple_namespace` varchar(100) NOT NULL,
  `triple_key` varchar(100) NOT NULL,
  `triple_value` varchar(100) NOT NULL,
  PRIMARY KEY (`id`)
) ENGINE=InnoDB DEFAULT CHARSET=latin1;

INSERT INTO `tag-berita` (`id`, `name`, `is_triple`, `triple_namespace`, `triple_key`, `triple_value`) VALUES
('1',	'Mahasiswa',	0,	'',	'',	''),
('103130ff33717aad4bffae963ff2f160',	'Gather',	0,	'',	'',	''),
('1b71ee0f41844d4bc253adc361802b0d',	'policy',	0,	'',	'',	''),
('1dbd838a43d496981efe650bd9c75ff1',	'coba',	0,	'',	'',	''),
('2',	'Akademik',	0,	'',	'',	''),
('3',	'Dosen',	0,	'',	'',	''),
('4',	'Alumni',	0,	'',	'',	''),
('4a24195884f6e8031999f00e68cdefbd',	'coba inggris',	0,	'',	'',	''),
('5',	'Informasi',	0,	'',	'',	''),
('6',	'Fakultas',	0,	'',	'',	''),
('62407dd468dec1051ca568d8fbf8835e',	'coba indonesia',	0,	'',	'',	''),
('7',	'International',	0,	'',	'',	''),
('84c9d606f22fddcd3577aed2662f8016',	'',	0,	'',	'',	''),
('acd46530f40dc2bb53d6d85edd5c8f61',	'ipb',	0,	'',	'',	''),
('afb53e46f835514f5acd27c0ac0ce634',	'test',	0,	'',	'',	''),
('b0fd9d67b3e7482be6690a7e6505d327',	'riset',	0,	'',	'',	''),
('d3ccf1f5d4675d1407c9abc2a5a4401f',	'test dulu',	0,	'',	'',	''),
('da61ba62e9e86657a48a4838d524d984',	'pameran',	0,	'',	'',	''),
('e487b6d7ba2f3452f981f90c45668c4a',	'research',	0,	'',	'',	'');

DROP TABLE IF EXISTS `tagging_berita`;
CREATE TABLE `tagging_berita` (
  `id` varchar(255) NOT NULL,
  `tag_id` varchar(255) NOT NULL,
  `berita_id` varchar(255) NOT NULL,
  `taggable_model` varchar(30) NOT NULL,
  `taggable_id` int(4) NOT NULL,
  PRIMARY KEY (`id`),
  KEY `FK_tagging` (`tag_id`),
  KEY `FK_tagging2` (`berita_id`)
) ENGINE=InnoDB DEFAULT CHARSET=latin1 ROW_FORMAT=DYNAMIC;


DROP TABLE IF EXISTS `tag_berita`;
CREATE TABLE `tag_berita` (
  `id` varchar(255) NOT NULL,
  `name` varchar(100) NOT NULL,
  `is_triple` tinyint(1) NOT NULL,
  `triple_namespace` varchar(100) NOT NULL,
  `triple_key` varchar(100) NOT NULL,
  `triple_value` varchar(100) NOT NULL,
  PRIMARY KEY (`id`)
) ENGINE=InnoDB DEFAULT CHARSET=latin1;


DROP TABLE IF EXISTS `widget`;
CREATE TABLE `widget` (
  `id_widget` int(11) NOT NULL AUTO_INCREMENT,
  `name` varchar(225) NOT NULL,
  `content_ID` text,
  `content_EN` text,
  `urutan` int(11) NOT NULL,
  `tipe` enum('text','img') DEFAULT 'text',
  PRIMARY KEY (`id_widget`)
) ENGINE=InnoDB DEFAULT CHARSET=latin1;

INSERT INTO `widget` (`id_widget`, `name`, `content_ID`, `content_EN`, `urutan`, `tipe`) VALUES
(3,	'about-us',	'n-a-blog.png',	'n-a-blog.png',	2,	'img'),
(4,	'about-us',	'Yayasan Bersama Lestarikan Nusantara (“Yayasan Belantara”) is an Indonesian grant-making institution formed in 2014 with the goal of delivering wide- ranging community and conservation results. It takes its name from the Indonesian word ‘Belantara’ which means wilderness or pristine forest.\r\n\r\nBelantara primary focus is to allocate grants to support restoration, protection, conservation of endangered species (speci cally Sumatran Tiger, Sumatran Elephant, as well as Sumatran and Bornean Orangutan), Institutional development, and community development and empowerment initiatives in Conservation Area, Production Forest, Protection Forest, and Social Forestry on the ten speci ed grant distribution areas across ve provinces on the islands of Sumatra and Kalimantan (Indonesian Borneo)',	'Yayasan Bersama Lestarikan Nusantara (“Yayasan Belantara”) is an Indonesian grant-making institution formed in 2014 with the goal of delivering wide- ranging community and conservation results. It takes its name from the Indonesian word ‘Belantara’ which means wilderness or pristine forest.\r\n\r\nBelantara primary focus is to allocate grants to support restoration, protection, conservation of endangered species (speci cally Sumatran Tiger, Sumatran Elephant, as well as Sumatran and Bornean Orangutan), Institutional development, and community development and empowerment initiatives in Conservation Area, Production Forest, Protection Forest, and Social Forestry on the ten speci ed grant distribution areas across ve provinces on the islands of Sumatra and Kalimantan (Indonesian Borneo)',	1,	'text'),
(5,	'about-us',	'PA5.jpg',	'PA5.jpg',	3,	'img'),
(6,	'about-us',	'Working with local communities, governments, the private sector and NGOs, Belantara relies on a multi-stakeholder approach to better inform decision-making when addressing resource management problems s the ssential Ecosystem Areas (KEE) stretch across the grant distribution areas, a coordinated response bet een all stakeholders for the effective management and preservation of critical ecosystems is required.',	'Working with local communities, governments, the private sector and NGOs, Belantara relies on a multi-stakeholder approach to better inform decision-making when addressing resource management problems s the ssential Ecosystem Areas (KEE) stretch across the grant distribution areas, a coordinated response bet een all stakeholders for the effective management and preservation of critical ecosystems is required.',	4,	'text'),
(7,	'about-us',	'As an independent foundation, Belantara aims to work with all parties that shares its goals, coordinating and collaborating ith partner pro ects ithin each of its ten speci ed grant distribution areas elantara aims to ensure that existing initiatives are aligned, minimizing the risk of projects overlapping while maximizing information and data sharing. \r\nCo-founder sia ulp and aper signi cantly contributed in getting the oundation off the ground, providing substantial nancing dditional nancial resources are being raised from the public and private sectors, hile investment de-risking initiatives will follow to achieve a more holistic scope of nancing modalities. \r\nFundamentally, Belantara fully supports the focus and priority initiatives of the Ministry of Environment and Forestry of government of ndonesia To be speci c, elantara supports the Development of Large-Scale Ecosystem Conservation in Sumatra and Kalimantan.',	'As an independent foundation, Belantara aims to work with all parties that shares its goals, coordinating and collaborating ith partner pro ects ithin each of its ten speci ed grant distribution areas elantara aims to ensure that existing initiatives are aligned, minimizing the risk of projects overlapping while maximizing information and data sharing. \r\nCo-founder sia ulp and aper signi cantly contributed in getting the oundation off the ground, providing substantial nancing dditional nancial resources are being raised from the public and private sectors, hile investment de-risking initiatives will follow to achieve a more holistic scope of nancing modalities. \r\nFundamentally, Belantara fully supports the focus and priority initiatives of the Ministry of Environment and Forestry of government of ndonesia To be speci c, elantara supports the Development of Large-Scale Ecosystem Conservation in Sumatra and Kalimantan.',	5,	'text'),
(8,	'about-us',	'PA6.jpg',	'PA6.jpg',	6,	'img'),
(9,	'about-us',	'To do so, in 2014 Belantara initiated a creation of Belantara’s Guideline document, which involved a consortium of private sector groups, government and NGO stakeholders during its development process. The main ob ective of the elantara s uideline document is to align conservation activities carried out by multiple stakeholders. The Belantara’s Guideline, which is a multi-stakeholder action plan serves as a supporting guideline for partner groups implementing pro ects ithin the speci ed grant distribution areas,',	'To do so, in 2014 Belantara initiated a creation of Belantara’s Guideline document, which involved a consortium of private sector groups, government and NGO stakeholders during its development process. The main ob ective of the elantara s uideline document is to align conservation activities carried out by multiple stakeholders. The Belantara’s Guideline, which is a multi-stakeholder action plan serves as a supporting guideline for partner groups implementing pro ects ithin the speci ed grant distribution areas,',	7,	'text'),
(10,	'about-us',	'creates an enabling environment for building consensus and capacity among stakeholders, and seeks to ensure that the initiatives in the ecosystem collectively support an environmentally, socially, culturally, and economically sustainable ecosystem. The Belantara’s Guideline document promotes the Multi- stakeholders pproach for a Sustainable cosystem anagement, identi es ten speci ed grant distribution areas based on a de ned set of criteria, and outlines a number of activities and programs in support of ecosystem strategies relevant to the ecosystems.',	'creates an enabling environment for building consensus and capacity among stakeholders, and seeks to ensure that the initiatives in the ecosystem collectively support an environmentally, socially, culturally, and economically sustainable ecosystem. The Belantara’s Guideline document promotes the Multi- stakeholders pproach for a Sustainable cosystem anagement, identi es ten speci ed grant distribution areas based on a de ned set of criteria, and outlines a number of activities and programs in support of ecosystem strategies relevant to the ecosystems.',	8,	'text'),
(12,	'grant-distribution-area',	'gd-map.png',	'gd-map.png',	1,	'img'),
(13,	'grant-distribution-area',	'For the next  Five years,  Belantara has chosen to focus the vast majority of its conservation supports on ten grant distribution areas  hose locations span five provinces and to islands (Sumatra and kalimantan These ten specified grant distribution areas cover 10,145,187.85 hectares of land that includes 4 national parks, 9 wildlife areas, 4 nature reserves, and 2 grand forest parks; as well as Biosphere Reserves. Just over 1,000 vertebrate species have been identified within Belantara\'s grant distribution areas, including 209 species that are protected by the overnment of Indonesia and 213 species that are globally endangered according to IUCN\'s Red List. ',	'For the next  Five years,  Belantara has chosen to focus the vast majority of its conservation supports on ten grant distribution areas  hose locations span five provinces and to islands (Sumatra and kalimantan These ten specified grant distribution areas cover 10,145,187.85 hectares of land that includes 4 national parks, 9 wildlife areas, 4 nature reserves, and 2 grand forest parks; as well as Biosphere Reserves. Just over 1,000 vertebrate species have been identified within Belantara\'s grant distribution areas, including 209 species that are protected by the overnment of Indonesia and 213 species that are globally endangered according to IUCN\'s Red List. ',	2,	'text'),
(14,	'grant-distribution-area',	'Indicators for the identification of the priority grant distribution areas weere based on:\r\n        		<ul class=\"list-icon list-icon-check list-icon-colored m-b-10\">\r\n        			<li class=\"lihome\">Biogeography, hydrology, ecosystem biodiversity and carbon characteristic.</li>\r\n        			<li class=\"lihome\">Uniqueness of the area including its social and cultural features.</li>\r\n        			<li class=\"lihome\">Its function and spatial governance.</li>\r\n        			<li class=\"lihome\">According to the legal regulations, such as natural reserve area and natural conservation area, protection forest, peatland (>3m depth, riparian, coastal areas, high biodiversity area, and so forth</li>\r\n        		</ul>',	'Indicators for the identification of the priority grant distribution areas weere based on:\r\n        		<ul class=\"list-icon list-icon-check list-icon-colored m-b-10\">\r\n        			<li class=\"lihome\">Biogeography, hydrology, ecosystem biodiversity and carbon characteristic.</li>\r\n        			<li class=\"lihome\">Uniqueness of the area including its social and cultural features.</li>\r\n        			<li class=\"lihome\">Its function and spatial governance.</li>\r\n        			<li class=\"lihome\">According to the legal regulations, such as natural reserve area and natural conservation area, protection forest, peatland (>3m depth, riparian, coastal areas, high biodiversity area, and so forth</li>\r\n        		</ul>',	3,	'text'),
(15,	'our-approach',	'approach2.png',	'approach2.png',	1,	'img'),
(16,	'our-approach',	'approach3.png',	'approach3.png',	2,	'img'),
(17,	'our-approach',	'The  elantara foundation believes that conservation must incorporate a harmony of principles that not only protect the interests of the people, particularly at the grass-roots level but also protect natural resources and bio-diversity long into the future- on a large scale   elantara believes all of the actors in a given ecosystem should communicate, collaborate and coordinate to manage a sustainable ecosystem, since a result of balance condition bet een long-term economic development, sustainable livelihoods for local communities, and environmental conservation  ill be bene cial for all of the stakeholders In Indonesia like elsewhere, forests are part of a mosaic that interconnects with other land uses such as agriculture and infrastructure - sometimes in a context of poverty, inequity and poorly planned economic development.',	'The  elantara foundation believes that conservation must incorporate a harmony of principles that not only protect the interests of the people, particularly at the grass-roots level but also protect natural resources and bio-diversity long into the future- on a large scale   elantara believes all of the actors in a given ecosystem should communicate, collaborate and coordinate to manage a sustainable ecosystem, since a result of balance condition bet een long-term economic development, sustainable livelihoods for local communities, and environmental conservation  ill be bene cial for all of the stakeholders In Indonesia like elsewhere, forests are part of a mosaic that interconnects with other land uses such as agriculture and infrastructure - sometimes in a context of poverty, inequity and poorly planned economic development.',	3,	'text'),
(18,	'our-approach',	'approach1.png',	'approach1.png',	4,	'img'),
(19,	'our-approach',	'This realization calls for prioritizing larger-scale, multi-stakeholder approach instead of sectoral silos and putting people on the same footing as environmental values, therefore, encouraging new and innovative ways for the conservation of ecosystems. Central to Belantara’s approach is facilitating multi- stakeholder forum from the ground up. Through the forum, the stakeholders centered within the ecosystem are enabled to design a conservation plan that is long-term and sustainable but also supports their economic needs. It put local communities, government authorities,    s, and businesses as the key actors for the change.',	'This realization calls for prioritizing larger-scale, multi-stakeholder approach instead of sectoral silos and putting people on the same footing as environmental values, therefore, encouraging new and innovative ways for the conservation of ecosystems. Central to Belantara’s approach is facilitating multi- stakeholder forum from the ground up. Through the forum, the stakeholders centered within the ecosystem are enabled to design a conservation plan that is long-term and sustainable but also supports their economic needs. It put local communities, government authorities,    s, and businesses as the key actors for the change.',	5,	'text'),
(20,	'our-program',	'peoples.png',	'peoples.png',	1,	'img'),
(21,	'our-program',	'<strong style=\"text-align: center; font-weight: 800;\">CONSENSUS FOR CONSERVATION PROGRAM.</strong>\r\n				<p class=\"p-t-30\">To promote an inclusive process that galvanizes commitments from stakeholders involved in each individual ecosystem, develop and promote program, and monitor activities during the project implementation phase. To develop and maintain stakeholder engagement and commitment in each ecosystem for a sustainable ecosystem management in the long term.</p>',	'<strong style=\"text-align: center; font-weight: 800;\">CONSENSUS FOR CONSERVATION PROGRAM.</strong>\r\n				<p class=\"p-t-30\">To promote an inclusive process that galvanizes commitments from stakeholders involved in each individual ecosystem, develop and promote program, and monitor activities during the project implementation phase. To develop and maintain stakeholder engagement and commitment in each ecosystem for a sustainable ecosystem management in the long term.</p>',	2,	'text'),
(22,	'our-program',	'board.png',	'board.png',	3,	'img'),
(23,	'our-program',	'<strong style=\"text-align: center; font-weight: 800;\">INSTITUTIONAL DEVELOPMENT PROGRAM.</strong>\r\n				<p class=\"p-t-30\">To strengthen existing and create necessary new institutions in order for ecosystem conservation to evolve from shared ideas into collective action. To facilitate multi-stakeholder institutions to adopt ecosystem conservation work plans agreed and legali ed upon by all relevant institutions in each ecosystem and integrated into relevant policies.</p>',	'<strong style=\"text-align: center; font-weight: 800;\">INSTITUTIONAL DEVELOPMENT PROGRAM.</strong>\r\n				<p class=\"p-t-30\">To strengthen existing and create necessary new institutions in order for ecosystem conservation to evolve from shared ideas into collective action. To facilitate multi-stakeholder institutions to adopt ecosystem conservation work plans agreed and legali ed upon by all relevant institutions in each ecosystem and integrated into relevant policies.</p>',	4,	'text'),
(24,	'our-program',	'seed.png',	'seed.png',	5,	'img'),
(25,	'our-program',	'<strong style=\"text-align: center; font-weight: 800;\">ECOSYSTEM PROTECTION ACTION PROGRAM.</strong>\r\n				<p class=\"p-t-30\">To facilitate the initiative of protecting high conservation value areas and essential ecosystems from threats and damage. Outputs for this work may include the development of technical conservation work plans for each ecosystem, creation of forest mitigation security and forest  re patrols as  ell as wildlife protection actions.</p>',	'<strong style=\"text-align: center; font-weight: 800;\">ECOSYSTEM PROTECTION ACTION PROGRAM.</strong>\r\n				<p class=\"p-t-30\">To facilitate the initiative of protecting high conservation value areas and essential ecosystems from threats and damage. Outputs for this work may include the development of technical conservation work plans for each ecosystem, creation of forest mitigation security and forest  re patrols as  ell as wildlife protection actions.</p>',	6,	'text'),
(26,	'our-program',	'hand-seed.png',	'hand-seed.png',	7,	'img'),
(27,	'our-program',	'<strong style=\"text-align: center; font-weight: 800;\">ECOSYSTEM RESTORATION ACTION PROGRAM.</strong>\r\n				<p class=\"p-t-30\">To facilitate the initiative of rehabilitating the habitat,  agship species and catchment areas that have a direct positive impact on the ecosystem’s ability to absorb and store carbon  Such plans may include the creation of a restoration task force, training modules, learning centers, and pilot projects for the restoration of endemic species habitats </p>',	'<strong style=\"text-align: center; font-weight: 800;\">ECOSYSTEM RESTORATION ACTION PROGRAM.</strong>\r\n				<p class=\"p-t-30\">To facilitate the initiative of rehabilitating the habitat,  agship species and catchment areas that have a direct positive impact on the ecosystem’s ability to absorb and store carbon  Such plans may include the creation of a restoration task force, training modules, learning centers, and pilot projects for the restoration of endemic species habitats </p>',	8,	'img'),
(28,	'our-program',	'capacity.png',	'capacity.png',	9,	'img'),
(29,	'our-program',	'<strong style=\"text-align: center; font-weight: 800;\">CAPACITY DEVELOPMENT PROGRAM.</strong>\r\n				<p class=\"p-t-30\">To produce a prioritized agenda for partner’s capacity development that will execute the protection and restoration action programs in each grant distribution area in accordance with the ecosystem conservation plan (and other relevant plans    nd to implement tailored activities based on community needs to strengthen capacities at a system and individual level (including through interactive workshops).</p>',	'<strong style=\"text-align: center; font-weight: 800;\">CAPACITY DEVELOPMENT PROGRAM.</strong>\r\n				<p class=\"p-t-30\">To produce a prioritized agenda for partner’s capacity development that will execute the protection and restoration action programs in each grant distribution area in accordance with the ecosystem conservation plan (and other relevant plans    nd to implement tailored activities based on community needs to strengthen capacities at a system and individual level (including through interactive workshops).</p>',	10,	'text'),
(30,	'our-program',	'community.png',	'community.png',	11,	'img'),
(31,	'our-program',	'<strong style=\"text-align: center; font-weight: 800;\">COMMUNITY EMPOWERMENT PROGRAM.</strong>\r\n				<p class=\"p-t-30\">To facilitate the initiative to increase community involvement in executing protection and restoration action programs; improve community access to sustainable forest management and forest resources; and increase the use of appropriate, environmentally friendly, lo  cost, technologies  ith sustainable end products that can be easily marketed </p>',	'<strong style=\"text-align: center; font-weight: 800;\">COMMUNITY EMPOWERMENT PROGRAM.</strong>\r\n				<p class=\"p-t-30\">To facilitate the initiative to increase community involvement in executing protection and restoration action programs; improve community access to sustainable forest management and forest resources; and increase the use of appropriate, environmentally friendly, lo  cost, technologies  ith sustainable end products that can be easily marketed </p>',	12,	'text'),
(32,	'our-program',	'envi.png',	'envi.png',	13,	'img'),
(33,	'our-program',	'<strong style=\"text-align: center; font-weight: 800;\">ENVIRONMENT AND NATURAL CONSERVATION EDUCATION.</strong>\r\n				<p class=\"p-t-30\">To facilitate the development of environmental researchs and conservation education programs that advance knowledge and learning about the grant distribution area, best practices and innovation among practitioners, and general conservation principles among school aged children.</p>',	'<strong style=\"text-align: center; font-weight: 800;\">ENVIRONMENT AND NATURAL CONSERVATION EDUCATION.</strong>\r\n				<p class=\"p-t-30\">To facilitate the development of environmental researchs and conservation education programs that advance knowledge and learning about the grant distribution area, best practices and innovation among practitioners, and general conservation principles among school aged children.</p>',	14,	'text'),
(34,	'our-program',	'technical.png',	'technical.png',	15,	'img'),
(35,	'our-program',	'<strong style=\"text-align: center; font-weight: 800;\">TECHNICAL ASSISTANCE AND MONITORING PROGRAM.</strong>\r\n				<p class=\"p-t-30\">To support and oversee the execution of actions to protect high-value areas inside concession forest areas in natural or planted forests.</p>',	'<strong style=\"text-align: center; font-weight: 800;\">TECHNICAL ASSISTANCE AND MONITORING PROGRAM.</strong>\r\n				<p class=\"p-t-30\">To support and oversee the execution of actions to protect high-value areas inside concession forest areas in natural or planted forests.</p>',	16,	'text'),
(37,	'contact-us',	'<p><strong>BELANTARA FOUNDATION</strong><br />\r\nBoutique Office,3rd Floor, Jl. Timor No. 6, Menteng, RT.9/RW.4<br />\r\nGondangdia, Menteng, Jakarta<br />\r\nDaerah Khusus Ibukota Jakarta 10350<br />\r\nP:&nbsp;(021) 13915434</p>\r\n',	'<p><strong>BELANTARA FOUNDATION</strong><br />\r\nBoutique Office,3rd Floor, Jl. Timor No. 6, Menteng, RT.9/RW.4<br />\r\nGondangdia, Menteng, Jakarta<br />\r\nDaerah Khusus Ibukota Jakarta 10350<br />\r\nP:&nbsp;(021) 13915434</p>\r\n',	1,	'text');

-- 2017-12-07 02:16:46
